id,age,job,marital,education,default,housing,loan,contact,month,day_of_week,duration,campaign,pdays,previous,poutcome,emp_var_rate,cons_price_index,cons_conf_index,lending_rate3m,nr_employed,subscribe,predicted,predicted_prob,true_label
11710,32,admin.,married,high.school,no,yes,no,cellular,sep,thu,1720,0,939,3,nonexistent,-1.1,92.25,-47.84,2.52,4995.12,yes,0,0.4765573,1
12965,60,retired,married,basic.4y,no,yes,no,cellular,aug,fri,160,0,14,1,success,-2.9,94.04,-31.8,0.88,4928.99,yes,0,0.47831947,1
22405,31,student,single,unknown,no,yes,no,cellular,aug,mon,2795,2,441,4,success,-1.7,97.36,-42.34,5.16,4780.9,yes,0,0.3538154,1
12444,67,retired,married,unknown,no,no,no,cellular,sep,tue,697,0,1041,1,failure,-1.1,90.05,-39.26,0.87,5142.28,no,1,0.70672023,0
18918,43,blue-collar,married,basic.9y,no,yes,no,cellular,jul,thu,877,0,988,0,nonexistent,1.4,92.13,-43.51,4.77,5316.97,no,1,0.50569475,0
19079,49,admin.,divorced,university.degree,no,yes,no,cellular,jul,fri,2432,1,748,2,failure,-2.9,90.84,-39.99,4.13,4980.17,yes,0,0.41460428,1
8478,34,unemployed,married,professional.course,no,yes,no,cellular,dec,mon,3553,1,883,1,nonexistent,-3.0,91.74,-31.05,2.42,4974.16,yes,0,0.34667125,1
4144,30,unemployed,divorced,basic.4y,no,yes,no,telephone,jun,tue,2328,1,65,1,failure,1.4,90.42,-44.0,2.63,5407.25,yes,0,0.039728414,1
19274,45,self-employed,divorced,university.degree,no,no,yes,cellular,jul,mon,877,3,1018,0,nonexistent,1.4,95.7,-44.62,4.96,5411.08,yes,0,0.496393,1
2405,35,retired,married,illiterate,unknown,unknown,no,telephone,may,mon,1682,29,208,3,success,1.4,97.21,-33.86,3.62,5436.59,yes,0,0.31107602,1
16770,29,technician,married,university.degree,no,yes,no,telephone,may,tue,704,1,1006,0,nonexistent,1.1,90.04,-35.78,4.95,5128.7,yes,0,0.16801183,1
4541,31,admin.,single,high.school,no,no,no,cellular,jul,mon,4278,6,204,0,success,1.4,92.13,-32.09,1.85,4973.61,yes,0,0.061876148,1
7921,52,entrepreneur,single,unknown,unknown,no,no,telephone,jul,wed,521,0,949,0,nonexistent,1.4,90.25,-43.42,4.71,5468.59,yes,0,0.106016874,1
4936,30,blue-collar,married,basic.9y,no,no,no,telephone,may,thu,560,1,1033,0,nonexistent,1.1,94.65,-34.76,4.66,5191.0,yes,0,0.097427815,1
2547,24,blue-collar,single,basic.9y,no,yes,no,cellular,jul,fri,683,4,19,2,failure,1.4,90.82,-42.86,3.49,4982.35,yes,0,0.11787848,1
13627,34,self-employed,single,university.degree,no,no,no,cellular,jul,thu,3756,2,279,5,success,-1.7,93.03,-28.51,2.17,5287.44,yes,0,0.3808637,1
5655,42,admin.,single,high.school,no,no,no,cellular,nov,wed,980,1,965,1,failure,-0.1,88.63,-41.7,4.24,5247.75,yes,0,0.2960616,1
2451,88,admin.,divorced,high.school,yes,yes,no,cellular,jun,wed,64,44,1031,0,nonexistent,1.4,92.19,-41.67,5.19,5463.36,yes,0,0.4634029,1
248,42,unemployed,married,basic.9y,no,yes,no,cellular,may,thu,3289,1,243,4,failure,-1.8,96.49,-28.42,2.66,4995.76,yes,0,0.096776776,1
4179,50,management,married,university.degree,unknown,yes,no,cellular,aug,mon,750,1,967,0,nonexistent,1.4,97.83,-35.23,5.04,5290.83,yes,0,0.3872291,1
11548,28,admin.,married,high.school,no,yes,no,cellular,jun,fri,3751,0,1014,2,success,-1.7,98.18,-45.61,1.89,4980.47,yes,0,0.47544515,1
11770,30,admin.,single,university.degree,no,yes,no,cellular,aug,fri,917,1,1017,0,nonexistent,1.4,91.38,-34.72,5.06,4992.83,no,1,0.5006109,0
2843,49,blue-collar,married,basic.4y,no,no,yes,cellular,jun,mon,1619,0,101,3,success,-1.7,87.97,-33.09,1.2,5115.12,yes,0,0.43932465,1
4140,72,technician,unknown,basic.6y,no,yes,unknown,telephone,sep,thu,23,34,955,0,nonexistent,-0.1,96.64,-40.9,3.84,5071.1,no,1,0.652754,0
15995,35,technician,divorced,professional.course,no,no,no,telephone,mar,fri,257,0,1006,1,failure,-1.8,94.39,-35.18,0.62,5173.98,yes,0,0.49204862,1
18501,35,self-employed,married,university.degree,no,yes,no,cellular,may,mon,422,2,979,1,failure,-1.8,91.22,-46.8,1.2,5216.37,yes,0,0.2110939,1
15496,41,management,married,university.degree,no,no,no,cellular,nov,thu,4199,0,606,2,success,-0.1,92.32,-30.09,4.61,5012.69,yes,0,0.059994735,1
12015,69,housemaid,divorced,basic.4y,no,no,yes,telephone,jul,thu,101,48,995,0,nonexistent,1.4,96.16,-43.84,4.88,5353.57,yes,0,0.24666761,1
3097,81,student,single,basic.9y,no,yes,no,telephone,may,thu,247,46,973,1,failure,-1.8,92.8,-46.61,1.32,5348.95,yes,0,0.41467264,1
3449,74,services,married,professional.course,unknown,unknown,yes,cellular,oct,thu,64,54,980,0,nonexistent,1.4,95.98,-42.82,4.76,5018.97,yes,0,0.09947735,1
11125,63,housemaid,married,basic.4y,no,yes,no,telephone,aug,mon,229,1,5,2,failure,-2.9,89.71,-31.87,0.88,4979.75,yes,0,0.46223655,1
2151,43,admin.,single,basic.9y,no,yes,yes,cellular,jul,mon,266,1,184,1,nonexistent,1.4,90.28,-41.78,2.53,4897.0,yes,0,0.0118436795,1
4844,33,housemaid,married,university.degree,no,no,no,cellular,aug,thu,483,3,3,1,success,-2.9,92.47,-30.55,0.89,5330.01,no,1,0.502195,0
10782,43,entrepreneur,married,basic.4y,no,yes,no,cellular,may,tue,3836,2,373,1,nonexistent,-1.8,92.88,-32.55,1.05,4926.55,yes,0,0.050537523,1
9749,34,admin.,married,high.school,no,no,no,telephone,jun,wed,1657,0,517,3,nonexistent,1.4,94.82,-36.72,3.54,4862.68,yes,0,0.04112109,1
15617,29,admin.,single,unknown,no,yes,no,cellular,mar,mon,129,1,989,0,nonexistent,-1.8,96.54,-36.26,0.64,4893.49,yes,0,0.15387978,1
12646,57,admin.,married,professional.course,no,yes,no,cellular,apr,thu,1694,0,600,0,success,-1.8,89.36,-30.56,4.28,5194.37,yes,0,0.38917992,1
1384,54,retired,married,basic.4y,no,no,yes,cellular,oct,thu,163,1,980,0,nonexistent,-3.4,91.96,-26.28,0.71,5203.14,yes,0,0.3823857,1
6679,95,services,single,university.degree,unknown,unknown,unknown,telephone,aug,fri,150,39,1021,0,nonexistent,1.4,91.01,-34.58,4.76,4977.15,no,1,0.5986616,0
10719,30,services,married,basic.9y,no,no,no,cellular,jun,mon,83,1,999,0,nonexistent,-2.9,89.8,-39.65,1.3,4939.14,yes,0,0.058313873,1
15847,66,services,married,high.school,yes,unknown,unknown,telephone,may,tue,823,29,1016,1,failure,-1.8,96.23,-47.3,1.27,5099.1,no,1,0.7461025,0
18251,64,retired,divorced,basic.9y,unknown,no,yes,telephone,may,fri,146,13,1025,0,nonexistent,1.4,94.19,-41.29,5.0,5029.43,yes,0,0.28143957,1
18618,23,housemaid,married,university.degree,no,unknown,no,cellular,jun,tue,61,6,992,0,nonexistent,-1.8,95.3,-44.16,1.21,5180.68,yes,0,0.034857843,1
21083,59,entrepreneur,divorced,unknown,unknown,yes,yes,cellular,mar,wed,912,12,477,0,success,1.4,94.75,-34.79,3.22,5047.71,yes,0,0.40194282,1
4825,19,technician,single,university.degree,no,no,no,cellular,may,mon,245,4,958,0,nonexistent,-1.8,93.35,-48.04,1.41,5139.89,yes,0,0.117957674,1
3329,27,housemaid,married,university.degree,unknown,unknown,no,telephone,sep,thu,319,46,1016,0,nonexistent,-2.9,89.7,-38.88,1.24,4847.77,no,1,0.709857,0
18718,39,technician,married,university.degree,no,yes,yes,cellular,dec,wed,340,1,32,6,failure,-3.0,93.38,-39.8,1.69,5353.35,yes,0,0.45204216,1
18058,27,services,married,high.school,no,no,no,cellular,jul,thu,600,2,997,0,nonexistent,1.4,91.94,-42.82,5.14,4977.15,yes,0,0.19833569,1
20436,53,blue-collar,married,basic.4y,no,yes,yes,cellular,may,thu,674,1,1022,0,nonexistent,-1.8,91.31,-47.67,1.21,4859.44,yes,0,0.40042022,1
6516,31,admin.,single,professional.course,no,yes,yes,cellular,may,thu,1858,0,205,5,nonexistent,-1.8,90.96,-27.45,2.38,4834.83,yes,0,0.16088979,1
12618,45,admin.,married,university.degree,no,yes,no,cellular,dec,tue,3699,55,162,3,nonexistent,1.4,96.36,-31.76,2.45,4900.36,yes,0,0.16906884,1
8944,58,retired,married,professional.course,unknown,no,yes,cellular,jul,tue,1787,4,1007,0,nonexistent,1.4,95.51,-40.77,4.75,5264.69,no,1,0.53616285,0
19242,59,retired,married,basic.4y,no,yes,no,cellular,apr,wed,4633,4,649,2,nonexistent,-1.8,94.69,-46.2,1.3,5459.13,yes,0,0.42747226,1
14544,44,services,single,unknown,yes,unknown,unknown,telephone,jul,wed,1200,29,170,6,success,1.4,95.84,-41.25,1.27,4785.1,yes,0,0.34217122,1
13135,32,self-employed,single,university.degree,no,no,yes,telephone,nov,tue,86,1,990,0,nonexistent,-3.4,88.01,-29.67,0.69,5067.67,yes,0,0.07849392,1
17400,31,technician,married,high.school,no,no,no,cellular,may,fri,843,2,929,0,success,-1.8,88.89,-52.34,1.22,5186.46,no,1,0.50918674,0
21369,25,admin.,single,university.degree,no,no,no,cellular,nov,fri,365,5,2,1,success,-3.4,97.0,-30.67,0.68,4907.11,no,1,0.848869,0
16189,49,housemaid,unknown,university.degree,yes,yes,unknown,telephone,jul,wed,144,23,1035,0,nonexistent,1.4,94.48,-43.76,5.13,5154.9,no,1,0.5199544,0
5750,37,admin.,divorced,high.school,no,yes,no,cellular,nov,wed,852,0,1045,0,nonexistent,-0.1,90.87,-41.58,4.3,5013.94,yes,0,0.3149947,1
15623,19,student,single,high.school,no,no,no,cellular,nov,wed,134,1,1002,3,failure,-3.4,90.33,-30.49,0.72,5082.72,yes,0,0.34454754,1
9304,71,unknown,single,illiterate,unknown,yes,yes,telephone,dec,mon,14,42,1025,0,nonexistent,-1.8,97.35,-47.17,1.19,5078.7,yes,0,0.36342514,1
7579,67,retired,married,basic.4y,no,yes,no,telephone,oct,fri,3895,1,978,1,failure,-1.1,94.99,-47.08,2.96,5060.31,yes,0,0.29956108,1
12622,35,management,divorced,university.degree,no,no,no,cellular,aug,mon,2602,3,956,5,nonexistent,1.4,91.99,-33.27,4.59,5342.87,yes,0,0.08969735,1
11649,87,unemployed,divorced,basic.6y,no,yes,no,telephone,jul,thu,4013,52,856,0,failure,1.1,91.24,-28.12,2.45,5232.67,yes,0,0.3107778,1
10024,40,management,single,university.degree,no,yes,no,cellular,apr,fri,3984,1,472,1,nonexistent,-1.8,96.68,-46.96,1.97,5293.21,yes,0,0.118569836,1
5772,22,student,divorced,basic.6y,no,yes,unknown,cellular,apr,fri,147,52,1042,0,nonexistent,-1.8,90.94,-47.03,1.32,4864.54,no,1,0.5515023,0
11889,31,admin.,single,high.school,unknown,no,no,cellular,jul,mon,572,2,997,0,nonexistent,1.4,93.91,-40.86,5.0,5311.74,yes,0,0.15366712,1
1636,82,retired,married,university.degree,no,no,no,cellular,aug,fri,974,2,109,1,success,-2.9,90.7,-31.6,2.01,5144.82,no,1,0.5099618,0
15400,30,admin.,single,university.degree,no,yes,no,cellular,nov,thu,477,0,1020,0,nonexistent,-0.1,97.39,-41.16,4.07,5445.19,yes,0,0.10313866,1
4203,31,admin.,single,university.degree,no,yes,no,cellular,jun,thu,106,1,3,2,success,-2.9,95.38,-40.35,1.28,5213.25,no,1,0.6316745,0
12404,31,technician,divorced,professional.course,no,no,no,cellular,mar,tue,120,2,961,0,nonexistent,-1.8,95.81,-49.55,1.61,5114.39,no,1,0.5351096,0
15269,30,admin.,married,high.school,no,yes,no,cellular,jun,wed,333,0,9,1,success,-2.9,93.05,-42.55,1.2,4888.38,no,1,0.6180685,0
19703,97,unemployed,single,illiterate,yes,unknown,unknown,telephone,oct,thu,217,34,2,3,success,-3.4,89.12,-30.64,0.72,5107.81,no,1,0.79141885,0
12781,49,housemaid,unknown,basic.4y,no,yes,no,telephone,dec,thu,155,12,1037,0,nonexistent,1.4,95.59,-41.25,4.86,5316.97,yes,0,0.3391767,1
16488,33,blue-collar,married,basic.9y,no,no,no,cellular,nov,thu,606,1,1008,0,nonexistent,-0.1,90.31,-43.47,4.18,5221.77,yes,0,0.2517595,1
13226,39,blue-collar,single,basic.9y,no,yes,no,cellular,may,wed,2421,1,672,3,success,-1.8,90.41,-48.47,4.32,5066.58,yes,0,0.05521064,1
867,29,self-employed,unknown,illiterate,no,no,yes,telephone,apr,fri,638,28,976,0,nonexistent,1.4,93.99,-43.34,5.1,5133.99,no,1,0.6735204,0
6847,33,admin.,married,university.degree,no,no,yes,telephone,may,fri,1634,1,1002,0,nonexistent,1.1,93.61,-37.3,4.66,5019.69,yes,0,0.14226125,1
7699,28,unemployed,single,unknown,no,yes,no,cellular,nov,wed,607,1,110,1,nonexistent,-0.1,94.05,-42.36,1.09,5129.13,yes,0,0.19185068,1
15848,25,admin.,single,university.degree,no,yes,no,cellular,apr,thu,232,1,1045,0,nonexistent,-1.8,94.0,-47.57,1.4,5206.18,yes,0,0.40193328,1
19176,40,blue-collar,single,basic.9y,no,no,yes,cellular,may,wed,557,0,1003,0,nonexistent,-1.8,90.66,-45.78,1.38,5073.6,yes,0,0.23612915,1
424,28,admin.,married,university.degree,no,no,no,telephone,may,fri,4669,0,24,5,nonexistent,1.1,94.98,-45.77,3.49,5064.6,yes,0,0.037734248,1
15919,24,blue-collar,single,basic.9y,no,yes,no,cellular,jun,wed,86,2,325,5,nonexistent,-2.9,89.38,-45.01,3.13,5166.92,yes,0,0.22904772,1
4505,47,admin.,single,high.school,no,no,no,cellular,apr,thu,3690,1,644,4,nonexistent,-1.8,90.21,-39.7,1.77,5227.64,yes,0,0.18901825,1
6865,33,technician,single,university.degree,unknown,no,no,telephone,may,wed,874,0,975,0,nonexistent,1.1,92.86,-35.96,4.7,5331.15,yes,0,0.3483837,1
6317,39,management,divorced,university.degree,no,no,no,telephone,oct,mon,158,9,983,0,nonexistent,-3.4,92.89,-26.87,0.71,4907.11,yes,0,0.25393212,1
12793,64,management,divorced,high.school,no,no,no,cellular,aug,mon,1114,0,542,5,failure,-2.9,94.66,-30.72,3.25,5233.92,yes,0,0.43283808,1
22195,44,admin.,divorced,university.degree,no,no,no,telephone,apr,fri,265,4,1008,0,nonexistent,-1.8,96.84,-33.94,0.66,5214.05,yes,0,0.28294945,1
12556,74,retired,married,university.degree,no,yes,yes,cellular,aug,wed,238,3,1012,0,nonexistent,-2.9,95.7,-32.18,0.89,5050.81,yes,0,0.4165772,1
15260,34,admin.,married,high.school,unknown,no,no,cellular,may,fri,4030,1,99,0,nonexistent,-1.8,95.72,-40.55,0.77,5250.88,yes,0,0.16523875,1
7572,32,admin.,married,university.degree,no,yes,no,cellular,apr,thu,377,1,1019,1,failure,-1.8,97.26,-46.77,1.37,5088.9,no,1,0.5156806,0
20889,39,services,divorced,basic.6y,no,yes,no,telephone,may,tue,576,2,9,1,success,-1.8,90.01,-45.87,1.28,5155.19,yes,0,0.26356292,1
3352,39,admin.,married,high.school,no,no,no,cellular,may,mon,263,1,954,1,failure,-1.8,94.99,-41.4,3.12,5312.96,yes,0,0.047255788,1
9321,53,blue-collar,married,basic.9y,no,no,no,cellular,nov,mon,1105,1,1041,0,nonexistent,-0.1,96.36,-39.98,4.19,5102.27,yes,0,0.24091245,1
9247,33,blue-collar,divorced,professional.course,no,no,no,telephone,jun,thu,914,3,991,0,nonexistent,1.4,91.91,-39.7,5.0,5060.8,yes,0,0.47787073,1
3109,44,admin.,married,high.school,no,no,no,cellular,apr,mon,199,3,1030,0,nonexistent,-1.8,94.49,-33.35,0.65,4833.39,yes,0,0.22773065,1
3735,33,technician,married,professional.course,no,no,no,telephone,mar,thu,289,1,5,1,success,-1.8,89.26,-36.01,0.66,5013.7,no,1,0.940638,0
21979,66,retired,single,high.school,unknown,no,unknown,cellular,mar,fri,788,29,960,0,nonexistent,-1.8,97.25,-48.37,1.26,5134.79,no,1,0.82034916,0
13679,61,unknown,married,university.degree,yes,no,unknown,telephone,dec,tue,244,12,1019,0,nonexistent,1.4,95.98,-41.03,4.86,5076.48,no,1,0.6343693,0
14814,45,admin.,married,university.degree,no,yes,no,cellular,nov,mon,420,0,872,1,nonexistent,-1.1,90.16,-33.72,4.89,5024.93,yes,0,0.43147698,1
20365,33,blue-collar,single,basic.9y,no,yes,no,cellular,nov,thu,277,1,993,1,failure,-0.1,95.06,-41.28,3.89,5216.58,yes,0,0.03282825,1
492,27,admin.,single,high.school,no,yes,no,cellular,may,thu,1121,2,741,3,nonexistent,-1.8,89.89,-51.57,1.64,5080.48,yes,0,0.15699187,1
20757,48,admin.,married,university.degree,no,yes,no,cellular,dec,mon,335,4,6,2,success,-3.0,97.34,-33.52,0.74,5239.51,no,1,0.8222955,0
2749,90,admin.,unknown,unknown,unknown,no,yes,cellular,nov,mon,402,24,1030,0,nonexistent,-1.8,93.3,-49.4,1.69,4946.12,no,1,0.5398548,0
13873,57,unemployed,single,illiterate,yes,unknown,unknown,cellular,oct,thu,1491,37,957,2,success,-1.8,92.96,-29.13,0.8,5051.32,no,1,0.53962755,0
11185,31,technician,single,university.degree,no,no,no,telephone,jul,thu,1703,1,461,2,success,-1.7,92.52,-28.85,4.42,5346.05,yes,0,0.33497506,1
10926,59,student,unknown,illiterate,unknown,yes,unknown,telephone,jul,mon,310,42,4,2,success,-1.7,92.42,-41.02,0.85,4951.66,no,1,0.9012357,0
2253,24,unknown,single,university.degree,no,yes,no,telephone,apr,thu,694,1,1035,0,nonexistent,-1.8,90.46,-48.27,1.35,4920.63,yes,0,0.44412574,1
4772,27,unemployed,unknown,professional.course,no,yes,no,telephone,mar,mon,373,38,975,1,failure,-1.8,98.03,-35.46,0.64,5128.9,no,1,0.65780795,0
14766,69,retired,married,university.degree,no,yes,no,cellular,jul,mon,4844,1,950,3,nonexistent,-1.7,95.5,-28.07,0.95,4941.51,yes,0,0.4214981,1
14143,34,services,married,professional.course,no,yes,yes,cellular,jul,thu,3475,3,534,6,success,1.4,98.95,-41.72,3.96,5188.95,yes,0,0.046349723,1
2859,34,admin.,single,high.school,no,unknown,unknown,cellular,may,fri,4281,1,550,0,failure,-1.8,92.39,-33.26,3.63,5319.03,yes,0,0.07181634,1
13070,49,self-employed,married,high.school,no,no,no,cellular,may,fri,534,2,1034,0,nonexistent,-1.8,91.68,-48.23,1.23,5267.37,yes,0,0.24258812,1
2648,30,management,married,university.degree,no,no,yes,cellular,jul,mon,862,5,997,0,nonexistent,1.4,93.63,-42.23,4.82,5479.04,no,1,0.58033,0
20289,72,unknown,unknown,basic.6y,yes,no,unknown,telephone,aug,wed,139,11,992,1,failure,-1.8,96.98,-47.77,1.2,5134.79,no,1,0.6752522,0
4060,49,blue-collar,divorced,basic.6y,unknown,no,no,cellular,jul,mon,1022,2,952,0,nonexistent,1.4,94.38,-40.77,5.16,5280.38,yes,0,0.48593116,1
2409,70,entrepreneur,married,high.school,unknown,unknown,unknown,telephone,mar,wed,12,32,995,0,nonexistent,1.4,91.28,-42.7,4.77,5447.68,yes,0,0.20975019,1
4700,61,retired,unknown,high.school,unknown,no,no,telephone,may,mon,78,28,1027,1,failure,-1.8,90.57,-44.62,1.3,5328.55,yes,0,0.18760298,1
17595,23,technician,single,professional.course,no,unknown,unknown,cellular,may,wed,3824,2,468,6,nonexistent,-1.8,95.08,-43.31,1.78,4832.99,yes,0,0.080318555,1
11417,49,entrepreneur,married,illiterate,no,yes,no,cellular,apr,thu,3245,2,616,1,success,-1.8,95.46,-44.83,3.36,5065.59,yes,0,0.23925202,1
16400,56,unknown,married,basic.4y,no,yes,no,cellular,aug,tue,668,9,1033,0,nonexistent,1.4,91.38,-37.25,5.2,5149.67,yes,0,0.41061813,1
2251,61,technician,married,professional.course,yes,no,yes,cellular,may,fri,156,27,966,0,nonexistent,-2.9,95.52,-32.71,0.91,4862.99,yes,0,0.308945,1
5924,34,admin.,single,high.school,no,yes,yes,cellular,apr,tue,371,1,827,4,success,-1.8,94.53,-44.93,3.02,5087.5,yes,0,0.20679973,1
3483,51,technician,married,high.school,no,yes,no,telephone,may,fri,3584,2,391,1,success,1.1,93.27,-39.24,4.26,5249.84,yes,0,0.020805273,1
1699,37,technician,married,professional.course,no,unknown,unknown,telephone,aug,mon,1388,1,182,4,nonexistent,-2.9,90.42,-46.17,2.66,5179.25,yes,0,0.20782067,1
5793,37,blue-collar,married,basic.9y,no,yes,yes,cellular,may,tue,508,0,1025,0,nonexistent,-1.8,96.6,-45.5,1.35,4854.34,yes,0,0.23449618,1
15759,33,student,single,high.school,no,yes,no,cellular,jul,thu,1020,2,851,5,success,1.4,94.85,-50.05,1.17,5072.48,yes,0,0.10707627,1
6016,42,admin.,single,high.school,no,yes,no,cellular,aug,mon,1484,1,187,1,nonexistent,-2.9,97.28,-45.79,3.32,5280.51,yes,0,0.37669265,1
2948,25,housemaid,divorced,basic.9y,no,yes,no,telephone,jun,fri,2082,49,461,2,failure,1.4,88.95,-49.82,3.78,4972.73,yes,0,0.16982187,1
16646,48,management,married,high.school,no,no,no,cellular,jul,tue,723,0,966,0,nonexistent,1.4,92.88,-43.85,5.03,5039.88,yes,0,0.23190175,1
3616,69,retired,divorced,professional.course,no,yes,no,telephone,sep,wed,445,4,808,4,failure,-1.1,93.56,-41.4,3.1,4894.68,no,1,0.5090948,0
3275,55,blue-collar,married,basic.4y,unknown,yes,no,telephone,jun,fri,919,1,245,2,success,1.4,93.41,-41.19,4.3,4891.67,yes,0,0.06345569,1
6025,28,student,single,unknown,no,yes,no,cellular,mar,tue,3481,1,86,5,nonexistent,-1.8,95.25,-32.33,3.91,5052.68,yes,0,0.36011907,1
21793,73,unknown,married,unknown,unknown,no,yes,cellular,nov,mon,2359,44,178,5,success,1.1,91.04,-33.4,0.71,5332.76,yes,0,0.40901116,1
10990,32,admin.,single,high.school,no,no,no,cellular,nov,wed,175,1,187,1,failure,-0.1,94.81,-39.9,0.73,5293.19,yes,0,0.03435063,1
1035,49,blue-collar,married,basic.9y,unknown,no,no,cellular,aug,wed,610,1,1029,0,nonexistent,1.4,95.78,-37.83,5.09,5081.71,yes,0,0.1544158,1
17039,30,admin.,single,high.school,no,no,no,cellular,jul,tue,4098,0,683,4,success,-1.7,88.76,-34.94,4.7,5081.24,yes,0,0.49861303,1
12320,36,unemployed,married,unknown,yes,unknown,yes,cellular,nov,wed,114,29,1024,0,nonexistent,1.4,90.82,-36.24,4.81,5364.03,yes,0,0.2110574,1
14195,40,technician,single,professional.course,no,yes,no,cellular,may,fri,4584,0,207,4,nonexistent,-1.8,88.61,-47.68,3.72,5228.59,yes,0,0.09523403,1
18150,32,admin.,single,university.degree,unknown,no,no,cellular,aug,mon,1077,3,979,0,nonexistent,1.4,90.08,-37.43,4.8,5384.94,no,1,0.5549139,0
17181,54,unknown,married,university.degree,no,yes,no,cellular,aug,wed,166,1,956,0,nonexistent,-2.9,93.49,-32.65,0.81,5137.11,yes,0,0.16075838,1
22032,52,retired,married,basic.4y,no,yes,no,cellular,apr,fri,355,3,804,3,nonexistent,-1.8,95.62,-38.19,4.37,4819.28,yes,0,0.13803965,1
9734,23,admin.,single,university.degree,no,yes,no,cellular,mar,wed,151,1,1022,1,failure,-1.8,94.76,-33.79,0.65,4823.37,yes,0,0.4044411,1
18860,38,admin.,single,university.degree,no,yes,no,telephone,may,thu,857,1,1001,0,nonexistent,1.1,95.77,-36.94,4.82,5279.24,yes,0,0.32664147,1
4200,54,blue-collar,married,basic.4y,no,yes,no,cellular,jul,fri,613,0,996,0,nonexistent,1.4,96.26,-40.69,4.9,5327.43,yes,0,0.174072,1
4820,35,entrepreneur,married,high.school,no,no,no,cellular,jul,wed,1078,4,976,0,nonexistent,-2.9,92.28,-32.25,0.92,5258.94,yes,0,0.48335558,1
15710,34,technician,divorced,professional.course,no,yes,no,cellular,apr,wed,604,1,949,0,nonexistent,-1.8,95.58,-44.74,1.41,5211.28,no,1,0.5126292,0
15923,48,management,divorced,high.school,unknown,yes,yes,cellular,jun,thu,4133,12,18,2,nonexistent,1.4,91.02,-42.41,0.96,5239.46,yes,0,0.041366752,1
12681,33,admin.,single,university.degree,no,yes,no,cellular,jul,mon,280,0,992,1,failure,-1.7,97.41,-39.33,0.85,5076.45,no,1,0.5259949,0
12011,53,retired,married,basic.4y,no,no,no,cellular,mar,wed,975,2,81,2,nonexistent,-1.8,97.02,-35.69,4.74,5169.79,no,1,0.60821974,0
11468,22,student,single,high.school,unknown,yes,yes,telephone,may,thu,223,1,0,1,success,-1.8,90.49,-39.64,0.71,5173.98,yes,0,0.46883416,1
12806,48,blue-collar,married,unknown,unknown,no,no,telephone,aug,thu,778,12,1019,0,nonexistent,1.4,89.23,-36.93,4.95,5264.69,yes,0,0.21544704,1
7835,36,technician,married,professional.course,no,yes,no,cellular,mar,fri,4769,1,717,2,nonexistent,-1.8,93.91,-29.19,4.66,5156.57,yes,0,0.4728909,1
2112,55,admin.,single,university.degree,unknown,unknown,unknown,cellular,oct,wed,1305,45,770,4,failure,1.4,92.5,-36.14,4.68,5238.29,yes,0,0.43538544,1
16139,50,blue-collar,single,basic.6y,unknown,yes,no,cellular,jul,thu,612,2,949,0,nonexistent,1.4,90.91,-44.15,4.74,5107.85,yes,0,0.20443258,1
10348,25,services,single,high.school,no,yes,no,cellular,jun,thu,3292,1,900,1,failure,-2.9,89.01,-32.75,2.99,5134.28,yes,0,0.31675977,1
18879,28,admin.,single,university.degree,no,no,no,cellular,oct,thu,1825,0,374,6,success,-1.1,95.17,-48.52,2.65,5024.63,no,1,0.5932889,0
7176,42,services,married,high.school,no,yes,yes,cellular,may,mon,271,1,949,1,failure,-1.8,89.92,-44.67,1.28,5348.95,yes,0,0.02045355,1
8949,55,services,married,high.school,no,yes,no,cellular,aug,thu,811,9,997,0,nonexistent,1.4,91.57,-35.01,5.18,5259.46,yes,0,0.3301009,1
13940,31,admin.,single,high.school,no,no,no,cellular,may,thu,3433,1,418,2,failure,-1.8,90.55,-40.84,2.29,5157.96,yes,0,0.105570965,1
12139,32,management,unknown,basic.9y,yes,no,unknown,telephone,apr,tue,130,39,962,1,failure,-1.8,90.74,-48.08,1.42,4935.92,no,1,0.6773467,0
12189,31,admin.,married,university.degree,no,yes,no,cellular,jun,mon,301,1,970,0,nonexistent,-2.9,93.33,-39.2,1.2,4822.38,yes,0,0.48505157,1
6563,24,unknown,single,university.degree,no,yes,yes,cellular,jun,tue,667,1,951,2,failure,-2.9,95.1,-40.26,1.21,4852.84,no,1,0.59177464,0
15953,30,admin.,single,university.degree,no,no,no,cellular,nov,fri,321,1,958,0,nonexistent,-0.1,96.27,-41.79,3.95,5159.42,yes,0,0.029765759,1
2169,45,unemployed,married,basic.9y,no,no,no,cellular,sep,fri,2148,1,166,6,success,-1.1,94.81,-44.49,0.66,4725.92,yes,0,0.1580761,1
12351,93,housemaid,divorced,high.school,unknown,unknown,unknown,cellular,jul,wed,1619,25,442,1,success,1.4,88.72,-37.46,2.11,4854.75,no,1,0.6177107,0
18236,38,admin.,single,high.school,no,yes,no,cellular,oct,fri,132,0,982,0,nonexistent,-3.4,92.61,-27.27,0.72,5178.06,no,1,0.5228083,0
5901,89,entrepreneur,married,high.school,unknown,yes,unknown,telephone,jun,tue,202,39,965,0,nonexistent,1.4,94.08,-40.25,4.8,5107.85,no,1,0.56389475,0
16422,24,technician,unknown,basic.4y,no,no,no,cellular,nov,mon,96,38,1031,0,nonexistent,-2.9,92.1,-32.4,0.8,5233.56,yes,0,0.40706158,1
17753,89,services,single,basic.9y,unknown,unknown,yes,cellular,sep,wed,60,17,1026,0,nonexistent,-1.8,88.42,-47.1,1.4,4859.44,yes,0,0.31144235,1
9858,27,admin.,single,high.school,no,yes,no,cellular,jul,thu,4636,1,681,6,nonexistent,-1.7,95.79,-44.96,0.98,5231.22,yes,0,0.2964562,1
13741,32,services,married,professional.course,yes,no,yes,telephone,may,wed,821,10,885,1,failure,1.1,90.49,-39.61,4.86,4849.14,yes,0,0.15640408,1
8310,23,admin.,single,university.degree,no,yes,yes,telephone,oct,thu,100,1,994,0,nonexistent,-3.4,95.75,-27.27,0.71,5117.85,yes,0,0.33813754,1
15060,60,admin.,married,basic.9y,no,no,no,cellular,jul,thu,66,1,313,0,failure,-1.7,92.92,-29.27,1.36,5338.11,yes,0,0.024753027,1
6203,33,blue-collar,married,basic.9y,no,yes,no,cellular,may,tue,466,1,985,0,nonexistent,-1.8,89.82,-46.84,1.27,5073.6,yes,0,0.2172956,1
12177,93,entrepreneur,single,high.school,unknown,unknown,yes,telephone,jul,wed,2249,10,447,6,nonexistent,1.4,91.07,-45.29,4.72,4795.78,yes,0,0.31440988,1
19298,43,blue-collar,married,basic.9y,no,yes,no,cellular,jul,thu,848,4,1039,0,nonexistent,1.4,94.76,-43.55,4.92,5337.89,yes,0,0.36017048,1
3590,70,admin.,single,high.school,yes,unknown,no,cellular,may,fri,2517,11,797,5,success,1.4,95.22,-44.18,2.3,4798.59,yes,0,0.39283037,1
10501,51,blue-collar,married,basic.4y,no,yes,no,cellular,aug,mon,936,1,1005,0,nonexistent,1.4,95.4,-36.28,4.79,5008.51,yes,0,0.40018287,1
9743,29,blue-collar,single,basic.9y,no,no,yes,cellular,jul,mon,308,11,776,6,nonexistent,1.4,94.14,-45.41,1.49,5027.75,yes,0,0.0485695,1
650,29,student,single,high.school,no,no,no,cellular,mar,fri,260,5,9,2,failure,-1.8,93.12,-47.5,1.68,5297.96,yes,0,0.4955338,1
17459,23,technician,single,basic.4y,unknown,unknown,unknown,telephone,oct,tue,4719,32,912,5,success,1.4,91.29,-30.23,4.01,5031.06,yes,0,0.46981055,1
1262,51,services,married,basic.9y,no,yes,no,cellular,aug,mon,200,2,1029,0,nonexistent,-1.7,92.99,-39.25,0.93,4796.92,yes,0,0.22280733,1
18468,36,management,married,university.degree,no,yes,no,cellular,mar,thu,2352,2,503,4,failure,-1.8,88.93,-49.49,3.28,5189.68,no,1,0.58291733,0
7581,38,admin.,married,university.degree,no,yes,yes,cellular,aug,fri,2426,1,517,5,failure,-2.9,90.58,-36.93,4.74,5185.83,yes,0,0.3572939,1
3490,91,student,single,high.school,yes,no,unknown,telephone,aug,wed,2435,12,511,6,failure,1.4,91.85,-31.57,2.96,5193.73,no,1,0.67118305,0
452,39,technician,married,professional.course,no,no,no,telephone,oct,thu,1022,1,809,6,success,-0.1,97.79,-27.4,4.45,5288.39,yes,0,0.42540383,1
5002,37,management,married,university.degree,no,no,no,cellular,aug,wed,3832,1,298,2,success,1.4,90.76,-36.62,2.54,5204.78,yes,0,0.045636136,1
19873,31,technician,married,unknown,no,yes,yes,cellular,jul,fri,1992,2,992,0,nonexistent,1.4,92.88,-41.41,4.73,5269.92,yes,0,0.34995198,1
2477,82,retired,married,basic.4y,unknown,yes,no,cellular,mar,tue,1499,1,439,5,nonexistent,-1.8,94.17,-41.05,4.31,4961.12,no,1,0.5167131,0
5360,41,admin.,married,university.degree,no,no,no,cellular,apr,tue,485,1,967,0,nonexistent,-1.8,95.49,-47.85,1.46,5303.06,yes,0,0.36544898,1
13085,24,blue-collar,married,university.degree,no,no,no,telephone,mar,tue,2901,22,738,4,failure,1.4,94.24,-30.74,4.06,4927.01,yes,0,0.2871716,1
2782,28,technician,single,university.degree,unknown,yes,no,telephone,may,thu,1164,2,953,0,nonexistent,1.1,95.96,-34.87,4.82,4962.59,yes,0,0.38434565,1
961,35,unemployed,married,university.degree,unknown,unknown,unknown,cellular,mar,fri,4414,1,509,2,success,-1.8,96.89,-48.52,1.54,5082.1,yes,0,0.292498,1
12816,36,blue-collar,married,basic.6y,no,no,no,cellular,oct,thu,128,2,5,3,failure,-3.4,94.92,-27.35,0.75,4997.43,yes,0,0.39422578,1
12716,40,retired,married,basic.4y,unknown,yes,no,cellular,jul,fri,1721,1,1002,0,nonexistent,1.4,91.94,-43.12,4.76,5097.39,yes,0,0.32083237,1
18139,70,retired,married,university.degree,no,yes,no,cellular,sep,fri,328,8,968,0,nonexistent,-3.4,89.6,-31.26,0.79,4811.78,no,1,0.6292212,0
2086,36,management,married,high.school,no,yes,no,cellular,jul,mon,577,1,1002,0,nonexistent,1.4,96.82,-41.2,4.96,5128.76,yes,0,0.116472416,1
16462,54,retired,married,high.school,no,yes,no,cellular,oct,thu,1467,1,957,6,failure,-3.4,94.86,-27.72,1.52,5065.69,yes,0,0.30102354,1
5509,47,admin.,married,high.school,no,yes,no,cellular,jul,tue,262,0,1035,0,nonexistent,-1.7,92.23,-39.17,0.83,5241.18,yes,0,0.42968553,1
4795,72,admin.,single,university.degree,no,no,no,cellular,aug,fri,1897,24,463,4,success,1.4,94.78,-29.65,1.64,5046.53,yes,0,0.27454793,1
16266,53,technician,married,university.degree,no,yes,no,cellular,aug,fri,331,1,3,1,success,-2.9,89.98,-30.33,0.86,5030.51,no,1,0.7057938,0
1669,31,management,single,university.degree,no,yes,no,cellular,mar,mon,5089,0,855,4,success,-1.8,97.96,-36.09,3.1,5432.5,yes,0,0.40100464,1
18360,31,services,married,university.degree,no,no,no,telephone,jul,mon,720,9,955,0,nonexistent,1.4,94.38,-41.5,5.01,5285.6,yes,0,0.20045763,1
7761,61,retired,married,high.school,no,yes,no,cellular,sep,wed,888,0,758,5,failure,-3.4,94.18,-27.32,4.18,5122.6,yes,0,0.38446394,1
17609,55,blue-collar,single,high.school,yes,no,unknown,telephone,mar,thu,125,7,1041,0,nonexistent,1.1,90.7,-37.16,5.0,5398.64,yes,0,0.3186215,1
13851,31,admin.,single,high.school,no,yes,no,cellular,apr,wed,3575,3,446,2,nonexistent,-1.8,91.62,-38.76,1.22,5300.95,yes,0,0.23389624,1
20723,59,admin.,married,unknown,no,no,no,cellular,jun,tue,4731,1,723,5,nonexistent,-2.9,96.31,-43.3,0.83,4948.03,yes,0,0.24580526,1
14225,31,technician,single,professional.course,no,no,no,cellular,jun,mon,506,1,1017,0,nonexistent,-2.9,89.24,-41.57,1.26,5243.71,no,1,0.6994108,0
12878,96,services,divorced,professional.course,yes,no,unknown,cellular,mar,thu,21,35,975,0,nonexistent,1.4,92.67,-41.04,5.1,5139.22,no,1,0.5619318,0
14515,58,technician,married,professional.course,no,yes,no,cellular,apr,tue,2328,1,539,2,failure,-1.8,97.56,-39.22,1.1,5121.29,yes,0,0.43919593,1
6378,29,self-employed,single,university.degree,no,yes,yes,cellular,mar,wed,1728,0,380,2,nonexistent,-1.8,88.82,-50.82,4.24,5063.63,no,1,0.6447598,0
7336,52,blue-collar,married,basic.9y,no,no,no,cellular,may,thu,1173,2,244,3,success,-1.8,92.24,-39.48,4.8,4898.57,yes,0,0.09920278,1
7802,34,services,married,high.school,no,no,no,telephone,may,thu,779,1,1013,0,nonexistent,1.1,95.21,-35.27,4.69,4972.97,yes,0,0.14573145,1
17790,28,blue-collar,single,high.school,no,yes,no,telephone,apr,thu,755,0,1046,0,nonexistent,-1.8,97.54,-45.63,1.53,4941.02,yes,0,0.36666784,1
20737,27,admin.,single,university.degree,no,yes,no,cellular,may,fri,669,0,989,1,failure,-1.8,96.33,-46.43,1.3,4930.82,no,1,0.6005111,0
10374,95,retired,unknown,unknown,unknown,unknown,unknown,cellular,jun,wed,1274,26,876,1,success,1.4,92.22,-32.5,2.43,5294.94,no,1,0.57415086,0
4102,43,technician,married,university.degree,unknown,no,yes,telephone,jun,tue,1273,3,990,0,nonexistent,1.4,96.16,-42.92,4.71,5050.34,yes,0,0.26152515,1
8125,48,management,married,university.degree,no,no,no,telephone,jun,mon,2158,4,778,1,failure,-1.7,90.91,-32.15,2.06,4831.89,yes,0,0.26455253,1
17879,62,services,divorced,high.school,unknown,yes,unknown,telephone,jul,thu,3490,25,921,3,failure,1.4,97.68,-49.35,1.79,5379.83,yes,0,0.35847634,1
12217,26,blue-collar,single,basic.9y,no,no,no,telephone,may,fri,3587,1,776,5,nonexistent,1.1,88.8,-46.51,2.31,5157.11,yes,0,0.024315417,1
8981,23,student,single,university.degree,no,yes,yes,cellular,may,tue,699,3,976,0,nonexistent,-1.8,88.89,-44.02,1.27,5165.38,no,1,0.6581208,0
9368,53,blue-collar,divorced,basic.4y,no,no,no,telephone,jun,wed,691,1,987,0,nonexistent,1.4,91.06,-42.3,4.71,5254.24,yes,0,0.19998486,1
7291,25,blue-collar,married,basic.4y,no,no,yes,telephone,jul,thu,4906,2,675,4,failure,1.4,98.51,-31.28,3.44,5094.29,yes,0,0.0702859,1
9839,81,student,single,basic.9y,unknown,no,yes,telephone,dec,fri,438,15,970,1,failure,-1.8,91.3,-47.52,1.51,5297.96,no,1,0.62043107,0
20995,26,entrepreneur,single,high.school,no,yes,no,cellular,apr,fri,1228,1,591,4,failure,-1.8,97.41,-26.93,4.51,5073.75,yes,0,0.1891247,1
6975,41,admin.,single,university.degree,no,yes,yes,telephone,may,wed,918,1,962,0,nonexistent,1.1,96.15,-37.6,4.81,5061.22,yes,0,0.384676,1
16314,59,blue-collar,divorced,basic.4y,no,yes,no,cellular,jul,thu,104,1,492,5,nonexistent,-2.9,96.55,-33.53,2.74,5208.27,yes,0,0.13661765,1
2351,53,self-employed,divorced,high.school,yes,yes,no,telephone,oct,fri,4046,50,925,2,failure,1.4,93.34,-40.65,4.25,4907.2,yes,0,0.38940167,1
12260,40,blue-collar,married,professional.course,no,yes,yes,cellular,jul,mon,439,1,1026,0,nonexistent,1.4,93.63,-41.93,4.98,5374.48,yes,0,0.025707621,1
7357,31,admin.,married,university.degree,no,yes,no,cellular,apr,thu,4540,0,979,6,success,-1.8,92.99,-48.06,2.42,5154.75,yes,0,0.21187559,1
3508,80,retired,divorced,basic.4y,no,yes,no,cellular,dec,fri,172,3,1001,0,nonexistent,-3.0,95.49,-33.95,0.7,5134.01,yes,0,0.32509485,1
13371,58,management,married,university.degree,no,no,no,cellular,may,wed,2802,1,590,4,failure,-1.8,92.74,-45.04,2.61,5151.02,yes,0,0.20505235,1
1078,31,admin.,single,university.degree,no,no,no,cellular,aug,tue,1077,2,999,0,nonexistent,1.4,90.54,-34.87,5.0,5431.99,no,1,0.70243794,0
2062,42,admin.,single,illiterate,no,unknown,unknown,telephone,oct,fri,2246,18,56,0,failure,-0.1,97.88,-30.39,2.96,5117.65,yes,0,0.31723833,1
3959,86,retired,single,professional.course,no,no,no,cellular,mar,fri,4981,7,658,1,failure,-1.8,96.61,-41.86,1.31,4816.94,no,1,0.6156761,0
20118,68,entrepreneur,unknown,basic.4y,yes,no,no,telephone,jul,mon,2391,10,113,6,success,1.4,91.26,-45.89,1.79,5034.31,no,1,0.6126696,0
18067,47,blue-collar,married,unknown,no,yes,yes,cellular,aug,wed,3881,0,444,1,success,1.4,93.8,-35.41,3.69,5098.97,yes,0,0.048646484,1
10841,32,services,single,high.school,no,no,no,telephone,may,fri,770,2,997,0,nonexistent,1.1,94.27,-34.98,4.65,5097.56,yes,0,0.16736282,1
19578,40,blue-collar,married,basic.6y,no,yes,no,telephone,jun,mon,993,0,1015,0,nonexistent,1.4,92.1,-43.01,4.64,5254.24,yes,0,0.27959597,1
17971,63,unknown,married,high.school,yes,unknown,yes,telephone,nov,tue,662,11,1010,0,nonexistent,1.4,93.8,-43.38,5.03,5060.8,no,1,0.6363908,0
7555,33,admin.,single,university.degree,no,yes,yes,cellular,aug,tue,274,1,959,1,failure,-2.9,88.05,-31.02,0.92,5091.42,no,1,0.5163214,0
675,33,technician,single,professional.course,unknown,unknown,yes,telephone,may,tue,3771,37,756,4,failure,-1.8,93.2,-44.57,4.0,5089.89,yes,0,0.14408192,1
6649,33,student,married,high.school,no,yes,no,telephone,dec,wed,3456,5,869,0,failure,-3.0,94.99,-32.01,4.83,5283.51,no,1,0.5074929,0
19000,29,admin.,single,university.degree,no,no,no,cellular,sep,fri,109,4,6,1,success,-1.1,95.8,-38.13,0.89,5206.81,no,1,0.62150264,0
17010,83,retired,single,basic.4y,no,yes,no,cellular,oct,thu,259,1,971,0,nonexistent,-3.4,89.28,-26.06,0.73,5022.51,yes,0,0.4973702,1
1098,28,technician,single,university.degree,no,unknown,unknown,cellular,apr,mon,108,0,1011,0,nonexistent,-1.8,92.33,-48.41,1.41,5002.21,yes,0,0.13762048,1
16168,35,blue-collar,married,basic.9y,no,no,no,cellular,may,fri,1531,0,466,1,success,-1.8,91.01,-28.12,4.13,5012.47,yes,0,0.10274715,1
1066,37,technician,married,professional.course,no,no,no,cellular,aug,mon,1378,3,499,0,success,1.4,89.44,-41.44,1.06,5332.23,yes,0,0.16706368,1
12597,37,blue-collar,married,basic.4y,unknown,no,no,cellular,jul,tue,959,2,900,3,nonexistent,1.4,91.94,-38.75,3.6,5122.84,yes,0,0.09358323,1
8242,55,student,married,basic.6y,no,yes,unknown,cellular,sep,mon,441,47,415,4,failure,-1.8,89.07,-27.75,1.89,5026.68,yes,0,0.43160513,1
17842,27,admin.,married,university.degree,no,no,no,cellular,apr,thu,715,0,55,5,failure,-1.8,96.97,-37.64,2.38,5100.59,yes,0,0.34194875,1
15081,76,retired,married,basic.9y,no,no,no,cellular,mar,mon,493,1,166,2,success,-1.8,97.93,-47.54,4.63,5013.11,no,1,0.59090793,0
1505,33,technician,married,university.degree,no,no,no,cellular,apr,fri,2426,0,405,1,nonexistent,-1.8,94.67,-34.57,4.17,5180.52,yes,0,0.17983969,1
8766,89,unknown,single,basic.4y,no,yes,yes,cellular,may,mon,1171,51,213,1,nonexistent,1.4,97.57,-34.39,4.37,4885.16,no,1,0.69716066,0
5991,37,services,married,basic.6y,unknown,no,no,cellular,nov,fri,1020,1,1001,0,nonexistent,-0.1,92.92,-42.54,4.21,4993.16,yes,0,0.31097168,1
13403,20,blue-collar,unknown,basic.4y,yes,no,no,telephone,dec,wed,4092,21,317,3,success,-1.8,91.74,-41.89,1.29,5227.91,no,1,0.6300784,0
9238,27,services,divorced,professional.course,yes,yes,yes,telephone,apr,mon,717,32,687,3,failure,-1.8,90.35,-33.71,0.72,5305.3,yes,0,0.39055946,1
17184,51,admin.,married,university.degree,no,yes,yes,cellular,jun,wed,252,1,1027,0,nonexistent,-2.9,93.52,-42.75,1.27,5142.19,yes,0,0.44591323,1
9249,27,blue-collar,married,basic.9y,no,yes,no,cellular,apr,thu,993,1,958,0,nonexistent,-1.8,92.05,-44.88,1.37,5078.7,yes,0,0.45379472,1
15116,33,admin.,married,university.degree,no,yes,no,cellular,nov,tue,3462,1,397,1,nonexistent,-3.4,92.49,-29.5,4.81,5195.29,yes,0,0.39442608,1
4565,36,blue-collar,married,basic.4y,no,yes,yes,cellular,may,thu,2586,0,337,2,nonexistent,-1.8,95.14,-45.89,5.24,5105.04,yes,0,0.10825044,1
12484,45,blue-collar,single,basic.9y,no,yes,no,telephone,may,thu,4612,3,293,2,failure,1.1,93.14,-35.43,0.95,4935.3,yes,0,0.024466231,1
13711,42,entrepreneur,married,university.degree,no,yes,no,cellular,aug,thu,338,1,847,1,nonexistent,-1.7,92.71,-47.03,2.55,5017.03,yes,0,0.33793816,1
3520,20,student,single,university.degree,no,yes,no,cellular,jul,fri,1439,10,973,0,nonexistent,1.4,96.17,-41.29,5.18,5086.94,no,1,0.6316097,0
7016,37,unknown,married,basic.9y,yes,unknown,unknown,telephone,aug,mon,3464,48,454,6,nonexistent,1.1,97.38,-38.77,3.17,5048.46,yes,0,0.40000388,1
14688,74,student,single,basic.6y,unknown,yes,no,telephone,oct,mon,831,47,1018,0,nonexistent,1.1,96.53,-36.8,4.85,5336.34,no,1,0.6188391,0
18174,38,admin.,married,university.degree,no,no,no,telephone,jul,mon,2741,5,296,1,failure,1.4,89.79,-45.41,4.82,5073.69,yes,0,0.060946796,1
514,34,technician,married,professional.course,no,no,yes,cellular,aug,thu,890,1,969,0,nonexistent,1.4,89.14,-36.28,4.74,5018.97,no,1,0.5436351,0
21259,54,blue-collar,divorced,basic.9y,no,yes,no,telephone,may,wed,270,1,522,6,nonexistent,1.1,96.14,-42.41,1.19,5131.41,yes,0,0.02307365,1
3170,18,technician,single,illiterate,unknown,unknown,unknown,cellular,may,thu,460,29,999,0,nonexistent,-0.1,93.57,-40.06,3.86,5351.67,yes,0,0.395597,1
21844,58,retired,married,high.school,no,yes,no,cellular,aug,wed,1653,4,67,0,failure,1.4,90.49,-46.22,2.69,5087.97,yes,0,0.12622552,1
18844,63,retired,married,basic.4y,no,no,no,telephone,aug,thu,778,3,701,0,nonexistent,-2.9,93.56,-51.3,2.8,5143.26,no,1,0.5033983,0
16618,31,services,single,university.degree,unknown,no,no,telephone,jun,mon,710,1,963,0,nonexistent,1.4,90.78,-41.75,4.75,5369.25,yes,0,0.26164544,1
827,29,technician,single,professional.course,no,yes,no,telephone,jun,wed,1193,1,980,0,nonexistent,1.4,91.06,-43.05,5.16,5463.36,no,1,0.5679436,0
6754,31,services,married,basic.9y,no,yes,no,cellular,jun,mon,323,0,950,0,nonexistent,-2.9,88.4,-41.04,1.28,4837.61,yes,0,0.48080948,1
6872,66,retired,single,university.degree,no,no,no,cellular,sep,mon,490,2,1048,1,failure,-3.4,94.04,-30.27,0.73,4952.27,no,1,0.5475042,0
13898,31,admin.,married,university.degree,no,no,no,cellular,jun,tue,75,0,3,1,success,-2.9,88.5,-39.49,1.25,5066.04,yes,0,0.14122273,1
13787,65,entrepreneur,single,university.degree,no,no,yes,cellular,dec,mon,23,9,950,0,nonexistent,1.4,95.12,-36.28,4.92,5217.64,yes,0,0.05856983,1
13288,33,technician,single,professional.course,no,yes,no,cellular,aug,tue,1040,1,706,1,success,-2.9,99.03,-41.35,4.04,4975.27,yes,0,0.48111162,1
2381,51,services,married,basic.4y,no,unknown,yes,cellular,aug,tue,390,23,3,3,success,-2.9,94.13,-30.36,0.87,4847.77,no,1,0.73652947,0
12138,23,services,single,high.school,no,no,no,cellular,apr,tue,2831,0,892,5,success,-1.8,94.26,-26.61,4.36,5023.53,yes,0,0.22758494,1
12316,67,services,unknown,unknown,unknown,unknown,yes,telephone,dec,tue,3223,33,933,4,nonexistent,1.4,91.85,-30.68,3.92,5034.8,no,1,0.50436616,0
13656,35,admin.,single,university.degree,no,yes,no,cellular,jun,wed,898,0,1003,1,failure,-1.7,91.79,-41.47,0.74,5091.43,no,1,0.6709513,0
6109,51,services,married,high.school,unknown,yes,no,telephone,jul,mon,2328,3,880,3,nonexistent,1.4,93.76,-51.38,4.62,5019.31,yes,0,0.07460091,1
17821,34,self-employed,married,basic.9y,unknown,no,no,cellular,aug,fri,3569,1,252,6,failure,1.4,89.58,-29.4,2.4,5251.02,yes,0,0.08942088,1
8070,27,admin.,single,high.school,no,no,no,cellular,jun,mon,3197,1,523,1,failure,-2.9,95.02,-29.54,3.55,5269.87,yes,0,0.40567192,1
6224,32,blue-collar,married,basic.9y,no,no,no,telephone,may,tue,891,0,968,0,nonexistent,1.1,97.0,-36.9,4.86,5113.13,yes,0,0.48026884,1
16948,38,blue-collar,married,basic.6y,unknown,no,no,telephone,jun,thu,947,2,1029,0,nonexistent,1.4,91.34,-43.63,4.99,5149.67,yes,0,0.4387284,1
8689,26,blue-collar,married,professional.course,no,no,no,cellular,may,thu,3238,1,716,3,success,-1.8,88.69,-34.59,4.76,5053.25,yes,0,0.16629766,1
18831,56,retired,married,basic.4y,no,yes,no,cellular,nov,fri,466,1,1045,0,nonexistent,-0.1,89.19,-40.48,4.07,5008.75,yes,0,0.09002359,1
2502,53,management,married,high.school,no,yes,yes,cellular,aug,tue,167,1,9,4,failure,-2.9,93.86,-32.02,0.84,5208.18,yes,0,0.454385,1
6179,26,student,single,high.school,no,yes,no,cellular,jun,wed,301,4,971,0,nonexistent,-2.9,93.98,-39.29,1.22,4898.53,yes,0,0.49883014,1
14145,33,admin.,single,university.degree,no,yes,no,cellular,jul,wed,98,3,1005,0,nonexistent,-2.9,91.91,-32.89,1.03,5020.36,yes,0,0.07468714,1
7030,59,admin.,divorced,professional.course,no,no,no,cellular,aug,tue,466,1,985,0,nonexistent,-2.9,91.09,-31.61,0.85,5253.86,no,1,0.61209804,0
16687,25,admin.,single,high.school,no,no,no,cellular,sep,thu,2496,0,86,4,success,-3.4,91.18,-38.21,2.55,5047.54,yes,0,0.41779548,1
2813,19,management,single,professional.course,yes,yes,yes,telephone,nov,fri,711,52,698,3,success,1.1,97.27,-49.24,4.31,5118.91,yes,0,0.44180053,1
19385,31,unemployed,married,high.school,no,yes,no,cellular,nov,thu,723,0,1045,0,nonexistent,-0.1,91.89,-42.2,3.99,5377.65,yes,0,0.36492774,1
18423,20,blue-collar,married,basic.9y,no,yes,no,cellular,jul,wed,3589,5,182,6,success,1.4,96.23,-42.08,4.84,5079.86,yes,0,0.115999825,1
19694,37,admin.,divorced,high.school,no,yes,no,cellular,jun,wed,1392,1,1032,1,failure,-2.9,88.4,-40.14,1.29,5096.5,no,1,0.5697822,0
15257,35,technician,divorced,professional.course,no,no,no,cellular,may,fri,336,1,1043,0,nonexistent,-1.8,93.17,-45.18,1.25,4884.93,yes,0,0.07878338,1
6601,24,services,single,unknown,no,yes,no,cellular,jun,tue,2685,2,881,5,success,-1.7,92.87,-32.46,1.87,5182.54,yes,0,0.4260822,1
11265,89,student,divorced,basic.4y,no,no,unknown,telephone,sep,fri,2375,56,450,2,nonexistent,-2.9,98.84,-34.51,4.22,5102.97,no,1,0.5436539,0
9709,29,unemployed,single,high.school,no,yes,yes,cellular,oct,wed,908,1,994,0,nonexistent,-3.4,91.59,-26.52,0.73,5198.13,no,1,0.7215362,0
4344,27,admin.,married,high.school,no,yes,no,cellular,jun,tue,1871,1,470,1,nonexistent,-1.7,99.02,-45.06,3.44,4833.62,yes,0,0.43526572,1
644,81,retired,divorced,basic.6y,no,no,no,cellular,oct,fri,632,2,959,2,failure,-3.4,96.4,-26.71,0.73,4801.74,no,1,0.5626083,0
14046,20,entrepreneur,married,basic.6y,no,no,no,cellular,sep,fri,310,23,1023,0,nonexistent,1.4,90.3,-42.3,4.72,5358.8,no,1,0.56699526,0
21943,30,technician,single,university.degree,no,yes,yes,telephone,jun,fri,1206,2,1025,0,nonexistent,1.4,92.29,-43.72,4.88,5212.41,yes,0,0.40636197,1
3503,45,management,single,basic.9y,yes,no,yes,telephone,may,mon,3822,3,93,6,failure,1.4,92.29,-47.17,4.35,5316.07,yes,0,0.13440569,1
10935,46,technician,married,high.school,no,yes,no,cellular,aug,fri,372,2,952,0,nonexistent,-2.9,91.18,-31.46,0.81,5096.5,no,1,0.5573745,0
18573,23,services,single,high.school,no,no,no,cellular,may,fri,571,3,951,1,failure,-1.8,93.17,-46.61,1.21,4910.43,yes,0,0.23954841,1
11490,31,self-employed,married,university.degree,no,yes,no,cellular,nov,thu,200,1,339,3,failure,-3.4,94.55,-42.02,1.53,5012.46,yes,0,0.24735014,1
20738,31,technician,married,university.degree,no,yes,no,cellular,aug,tue,781,2,998,0,nonexistent,1.4,97.92,-37.76,4.92,5170.59,yes,0,0.39798626,1
6965,84,student,unknown,unknown,unknown,unknown,unknown,cellular,nov,mon,4370,18,756,3,success,1.4,90.18,-51.37,3.99,5263.25,no,1,0.6814568,0
460,27,admin.,single,high.school,no,no,no,telephone,mar,fri,231,2,993,0,nonexistent,-1.8,90.24,-48.15,1.46,5348.95,yes,0,0.4423648,1
7917,17,student,single,unknown,no,yes,no,cellular,nov,tue,2414,2,1,1,failure,-1.1,97.97,-33.92,2.7,5104.3,no,1,0.63916534,0
9017,34,blue-collar,married,high.school,no,no,no,cellular,may,wed,603,0,1040,0,nonexistent,-1.8,88.8,-43.98,1.21,5139.89,yes,0,0.43692106,1
8820,31,services,unknown,professional.course,no,unknown,unknown,telephone,apr,wed,4608,17,480,2,success,-3.4,95.92,-30.54,2.27,5219.06,yes,0,0.37193894,1
2768,53,housemaid,married,high.school,no,no,no,cellular,apr,thu,4228,1,900,4,success,-1.8,90.08,-35.83,2.4,4786.06,yes,0,0.2649843,1
10290,33,self-employed,single,university.degree,no,yes,no,cellular,mar,mon,2839,2,839,5,failure,-1.8,90.33,-43.57,4.01,4967.93,yes,0,0.34212634,1
8444,27,retired,divorced,unknown,unknown,unknown,unknown,cellular,apr,tue,4197,48,528,6,failure,1.4,98.5,-30.82,1.16,5169.76,yes,0,0.46295983,1
21926,23,student,single,high.school,no,no,no,cellular,jun,tue,306,0,1039,0,nonexistent,-2.9,93.7,-42.47,1.26,4928.99,yes,0,0.40835086,1
7008,34,admin.,married,university.degree,no,no,yes,cellular,aug,tue,775,0,706,3,success,-2.9,90.87,-39.84,0.77,5288.72,yes,0,0.4794218,1
4192,24,self-employed,divorced,university.degree,no,no,yes,cellular,apr,mon,161,0,1024,0,nonexistent,-1.8,97.26,-45.78,1.44,5190.88,yes,0,0.21299098,1
8046,26,student,single,high.school,no,no,no,cellular,may,mon,749,2,1015,1,failure,-1.8,89.64,-45.64,1.42,5114.39,yes,0,0.34139216,1
20502,87,unknown,married,illiterate,yes,yes,yes,cellular,dec,fri,630,12,1006,0,nonexistent,1.4,93.91,-43.63,5.1,5003.29,no,1,0.5712377,0
8243,30,technician,divorced,professional.course,no,yes,no,cellular,jul,wed,625,0,1038,0,nonexistent,1.4,97.86,-41.07,5.13,5207.18,yes,0,0.38790035,1
10105,59,technician,divorced,professional.course,no,no,no,cellular,apr,mon,1629,1,320,3,failure,-1.8,93.53,-35.09,4.01,5173.22,yes,0,0.19295272,1
12336,27,services,single,university.degree,no,no,no,cellular,mar,fri,3137,1,349,0,success,-1.8,90.02,-29.5,3.28,5329.59,yes,0,0.37590387,1
5594,54,retired,married,basic.4y,no,no,no,cellular,jun,tue,529,2,2,4,failure,-2.9,93.33,-41.08,1.25,5167.57,no,1,0.8223949,0
18862,82,services,single,university.degree,unknown,unknown,unknown,telephone,apr,tue,1400,17,813,3,success,-1.8,88.44,-33.16,4.34,4872.32,no,1,0.5835627,0
4517,35,services,married,high.school,no,yes,no,cellular,apr,thu,1692,0,710,6,success,-1.8,96.41,-34.83,2.18,4979.53,yes,0,0.18685228,1
17895,29,student,single,professional.course,no,yes,no,cellular,sep,mon,1611,4,19,1,success,-1.1,93.53,-39.07,0.86,5196.88,no,1,0.6077465,0
12580,52,services,unknown,basic.4y,unknown,yes,no,telephone,sep,thu,450,13,961,0,nonexistent,-2.9,90.45,-40.59,1.31,5152.34,no,1,0.6508632,0
11421,49,blue-collar,married,basic.4y,unknown,yes,no,cellular,jul,fri,1938,1,994,0,nonexistent,1.4,92.41,-41.03,4.87,5107.85,yes,0,0.29924214,1
2622,42,management,married,university.degree,no,no,no,cellular,nov,mon,4797,2,369,3,failure,-3.4,91.8,-31.85,2.52,4994.64,yes,0,0.21952112,1
10871,37,admin.,single,high.school,no,yes,no,cellular,mar,tue,4337,3,916,6,success,-1.8,94.63,-47.85,1.9,5111.5,yes,0,0.310353,1
8130,31,self-employed,single,high.school,unknown,no,yes,telephone,may,fri,2310,42,304,6,nonexistent,-1.1,90.37,-27.91,3.39,5044.57,yes,0,0.29493284,1
1203,32,admin.,married,high.school,no,no,no,telephone,jul,tue,2566,0,589,3,success,-2.9,92.65,-41.08,0.82,5282.22,yes,0,0.22701575,1
4780,54,self-employed,married,professional.course,no,yes,no,cellular,jul,tue,2429,2,861,1,success,1.4,97.59,-27.84,2.57,4873.56,yes,0,0.069373235,1
32,61,housemaid,unknown,basic.4y,yes,yes,yes,telephone,jul,thu,227,34,968,0,nonexistent,1.4,89.69,-44.49,4.74,5149.67,yes,0,0.4361544,1
5863,51,management,married,university.degree,no,yes,no,cellular,oct,thu,3581,2,419,1,success,-3.4,94.31,-40.86,3.31,5245.19,yes,0,0.32705626,1
13223,46,management,married,unknown,no,yes,no,cellular,apr,tue,4672,2,534,1,success,-1.8,94.36,-30.37,4.16,5226.5,yes,0,0.19421068,1
10200,30,technician,single,professional.course,no,yes,yes,cellular,aug,wed,930,1,1042,0,nonexistent,1.4,96.62,-35.45,4.73,5212.41,yes,0,0.4948376,1
9850,32,student,married,professional.course,no,yes,no,cellular,aug,mon,4350,3,513,5,nonexistent,-1.7,92.15,-36.7,3.68,4942.01,yes,0,0.3868315,1
20241,67,retired,married,unknown,no,no,no,telephone,mar,mon,176,1,6,2,success,-1.8,95.79,-34.2,0.63,4808.35,no,1,0.7918312,0
3074,44,retired,divorced,high.school,no,yes,no,cellular,aug,fri,1824,25,80,6,nonexistent,1.1,89.75,-40.21,1.96,5036.14,yes,0,0.19476315,1
8320,38,technician,married,professional.course,no,no,no,cellular,mar,thu,576,1,6,4,failure,-1.8,93.9,-31.27,5.14,5161.53,no,1,0.5537786,0
8355,37,technician,single,university.degree,no,yes,no,cellular,jun,mon,4674,6,744,2,failure,-1.7,89.6,-36.02,3.77,5289.64,yes,0,0.39950082,1
12656,34,housemaid,married,illiterate,no,yes,yes,cellular,sep,tue,3626,32,143,2,nonexistent,-0.1,94.49,-44.95,2.48,4950.96,yes,0,0.34255788,1
10481,60,retired,married,basic.4y,no,no,no,cellular,aug,tue,2704,6,586,2,failure,1.4,93.48,-41.73,2.59,5089.58,yes,0,0.0953084,1
13145,28,entrepreneur,married,university.degree,no,no,no,cellular,may,wed,860,0,749,1,success,-1.8,94.11,-50.97,3.24,5143.13,yes,0,0.31509167,1
17987,36,admin.,married,university.degree,no,no,no,cellular,jul,mon,744,2,3,4,success,-1.7,94.68,-40.21,0.9,5186.27,no,1,0.84137017,0
20722,43,admin.,married,university.degree,no,yes,no,cellular,aug,tue,549,2,1041,0,nonexistent,1.4,90.08,-37.32,5.19,5008.51,yes,0,0.13315634,1
18686,25,unemployed,single,high.school,unknown,no,no,telephone,may,wed,671,1,1048,0,nonexistent,1.1,98.03,-36.1,5.09,5216.95,yes,0,0.2661193,1
1609,44,blue-collar,divorced,high.school,no,yes,no,cellular,jul,tue,650,1,958,0,nonexistent,1.4,94.19,-41.84,5.05,5468.59,yes,0,0.24577992,1
8971,52,self-employed,single,basic.9y,no,yes,no,cellular,nov,thu,99,1,1016,0,nonexistent,-3.4,92.09,-29.07,0.73,4796.72,yes,0,0.06382621,1
1434,37,admin.,married,high.school,no,yes,no,telephone,nov,mon,457,0,968,0,nonexistent,-3.4,95.89,-30.03,0.71,5052.62,no,1,0.5387086,0
16894,63,admin.,unknown,high.school,no,unknown,unknown,cellular,mar,fri,3075,51,335,0,nonexistent,1.1,90.95,-45.5,2.26,5403.55,no,1,0.54555166,0
15580,38,technician,divorced,professional.course,no,no,no,cellular,aug,fri,2345,2,275,1,success,1.4,96.32,-49.05,0.73,5085.27,yes,0,0.0474057,1
13329,41,blue-collar,married,professional.course,no,no,no,telephone,jun,mon,1562,1,67,6,failure,-2.9,90.39,-27.12,4.0,5303.95,yes,0,0.16786495,1
13488,66,services,divorced,basic.4y,yes,unknown,no,cellular,jul,fri,58,48,980,2,failure,-1.8,93.63,-47.28,1.44,4935.92,yes,0,0.40396476,1
16858,31,unknown,single,high.school,no,yes,yes,telephone,may,mon,660,0,1,1,success,-1.8,95.09,-39.47,0.71,5178.99,no,1,0.824704,0
22024,48,management,married,university.degree,no,yes,no,cellular,oct,wed,647,0,185,5,nonexistent,-3.4,95.2,-29.51,3.36,4750.25,yes,0,0.24942276,1
12609,40,technician,married,high.school,unknown,no,no,cellular,jul,wed,755,0,1035,0,nonexistent,1.4,98.42,-41.67,5.16,5081.71,yes,0,0.37484124,1
3740,29,management,married,university.degree,no,no,no,telephone,jun,wed,2312,1,409,5,nonexistent,1.4,95.99,-47.08,3.49,4845.38,yes,0,0.026505599,1
3198,39,blue-collar,married,basic.9y,no,no,no,telephone,may,thu,506,1,988,0,nonexistent,1.1,92.58,-35.7,4.9,4972.97,yes,0,0.0392526,1
7892,42,admin.,divorced,basic.9y,unknown,yes,no,cellular,mar,fri,4506,23,966,3,failure,1.4,92.35,-48.45,3.88,4941.63,yes,0,0.2240011,1
20150,29,services,divorced,university.degree,yes,yes,unknown,cellular,mar,tue,2101,50,916,4,nonexistent,-1.8,95.15,-48.89,1.79,5226.37,no,1,0.55306035,0
3247,30,technician,single,professional.course,no,yes,yes,cellular,jun,mon,895,1,566,1,success,-2.9,97.29,-45.77,1.32,4981.06,no,1,0.7063041,0
8301,61,admin.,unknown,basic.6y,yes,no,no,cellular,jun,thu,251,28,1015,0,nonexistent,1.4,91.28,-42.91,4.78,5400.62,yes,0,0.43793097,1
3506,58,retired,married,university.degree,no,no,no,cellular,sep,mon,4745,1,612,6,success,-3.4,97.3,-27.29,1.68,5222.23,yes,0,0.3274602,1
18341,40,management,divorced,university.degree,no,no,no,cellular,aug,wed,4190,1,13,3,nonexistent,1.4,91.42,-42.36,3.77,5284.58,yes,0,0.07297753,1
14251,48,management,married,basic.9y,no,yes,no,cellular,nov,tue,4920,2,169,4,failure,-3.4,92.88,-36.59,2.02,4985.36,yes,0,0.21452083,1
21566,25,admin.,married,university.degree,no,yes,no,cellular,mar,mon,1666,5,923,2,nonexistent,-1.8,95.19,-29.06,1.8,5193.01,yes,0,0.28375497,1
17714,27,admin.,single,unknown,no,no,no,cellular,mar,mon,295,1,616,3,success,-1.8,88.42,-30.98,2.29,5134.59,yes,0,0.4980508,1
20245,95,admin.,married,professional.course,yes,unknown,yes,telephone,jun,tue,1401,1,631,6,failure,-1.7,91.62,-37.55,1.6,4913.05,yes,0,0.467538,1
7307,88,housemaid,divorced,university.degree,yes,unknown,unknown,telephone,may,thu,633,45,977,0,nonexistent,1.4,88.86,-37.58,4.8,5421.53,yes,0,0.45315492,1
22370,43,housemaid,married,professional.course,unknown,yes,no,telephone,may,tue,1546,2,543,6,failure,1.1,97.55,-41.34,2.26,4937.22,yes,0,0.03352549,1
6053,36,technician,married,professional.course,no,yes,no,cellular,apr,fri,1063,0,994,1,failure,-1.8,96.23,-45.35,1.34,5139.89,yes,0,0.46593496,1
20682,29,self-employed,married,professional.course,no,yes,no,cellular,mar,thu,168,3,1012,3,failure,-1.8,93.64,-34.86,0.64,5013.7,yes,0,0.33663312,1
11528,53,blue-collar,married,high.school,no,no,no,cellular,jul,thu,307,0,530,6,nonexistent,1.4,90.83,-48.03,1.46,5212.69,yes,0,0.024464797,1
14611,66,student,married,unknown,no,unknown,unknown,cellular,jul,tue,58,39,952,0,nonexistent,1.1,91.08,-37.56,4.66,5113.13,yes,0,0.41504988,1
7034,27,student,single,basic.9y,unknown,yes,yes,telephone,may,wed,759,1,957,0,nonexistent,1.1,91.55,-38.0,4.7,5284.43,yes,0,0.16774565,1
18795,25,admin.,single,university.degree,no,yes,yes,cellular,oct,fri,3594,1,492,2,success,-3.4,96.46,-39.08,4.29,5262.56,yes,0,0.32530877,1
18568,51,blue-collar,married,basic.4y,unknown,no,no,cellular,aug,fri,532,0,1015,0,nonexistent,1.4,95.96,-35.84,4.93,5055.57,yes,0,0.15123752,1
8910,28,technician,single,university.degree,no,yes,no,cellular,aug,mon,693,0,988,0,nonexistent,1.4,91.01,-37.03,4.96,5301.29,yes,0,0.33291647,1
17511,53,admin.,married,university.degree,no,yes,no,cellular,may,tue,1342,2,934,3,nonexistent,-1.8,96.04,-39.49,2.67,4948.81,yes,0,0.1450352,1
13190,32,blue-collar,single,basic.4y,no,yes,no,cellular,apr,thu,530,0,634,6,nonexistent,-1.8,94.16,-30.8,3.43,4956.5,yes,0,0.3059026,1
3469,28,self-employed,single,university.degree,no,no,no,cellular,jun,tue,1159,1,443,2,failure,-2.9,93.94,-29.46,1.33,4909.62,no,1,0.603782,0
1062,68,retired,married,basic.4y,no,yes,no,cellular,sep,tue,4485,1,994,3,nonexistent,-3.4,93.68,-33.34,4.49,5047.11,yes,0,0.36624828,1
17649,48,blue-collar,divorced,professional.course,no,yes,no,cellular,nov,mon,4347,1,348,6,nonexistent,-1.1,92.09,-39.58,3.32,4861.01,yes,0,0.28612024,1
17524,66,retired,married,high.school,unknown,no,no,cellular,aug,tue,294,1,1038,1,failure,-2.9,91.55,-32.59,0.82,4949.29,yes,0,0.46613538,1
3394,40,blue-collar,married,professional.course,unknown,no,no,telephone,jun,fri,559,2,950,0,nonexistent,1.4,97.58,-42.97,4.88,5024.2,yes,0,0.13495345,1
10891,41,blue-collar,married,high.school,no,no,yes,telephone,may,tue,4383,2,966,4,success,1.1,96.92,-29.07,0.65,4977.1,yes,0,0.019945256,1
18292,56,unemployed,married,basic.9y,no,no,yes,cellular,may,mon,3582,1,939,4,success,-1.8,89.95,-30.74,5.05,4971.75,yes,0,0.20683959,1
1206,37,blue-collar,single,high.school,no,yes,yes,cellular,jun,wed,1718,2,973,6,failure,-1.7,89.2,-51.74,4.06,5276.47,yes,0,0.43621072,1
11637,26,entrepreneur,single,basic.4y,no,no,unknown,telephone,dec,thu,1145,34,1026,0,nonexistent,1.1,90.42,-36.03,4.86,4998.93,no,1,0.8050879,0
1367,36,technician,single,professional.course,no,no,no,cellular,aug,mon,458,2,1024,0,nonexistent,1.4,97.83,-34.65,4.8,5102.62,yes,0,0.06652359,1
22262,36,blue-collar,married,basic.6y,unknown,yes,no,cellular,may,fri,731,2,1046,0,nonexistent,-1.8,94.84,-46.15,1.29,5119.49,no,1,0.5367255,0
368,38,technician,single,high.school,no,yes,no,cellular,jul,wed,4722,6,764,3,failure,1.4,96.68,-36.7,1.45,5216.72,yes,0,0.0316649,1
8686,70,housemaid,divorced,basic.4y,no,yes,no,cellular,sep,tue,1625,0,811,5,failure,-3.4,90.98,-34.63,3.38,5226.31,no,1,0.5361151,0
15920,58,management,married,university.degree,no,yes,yes,cellular,nov,fri,2248,0,544,5,nonexistent,-0.1,95.74,-28.36,4.85,5230.93,yes,0,0.06997254,1
12385,46,blue-collar,married,professional.course,no,no,yes,cellular,jun,tue,969,1,978,0,nonexistent,-2.9,97.42,-42.1,1.15,4883.3,no,1,0.5717358,0
3032,36,admin.,married,university.degree,no,yes,no,cellular,jul,wed,291,1,1047,1,failure,-1.7,90.82,-40.98,0.87,4781.95,yes,0,0.48685098,1
8342,35,management,married,university.degree,no,yes,yes,cellular,apr,thu,446,1,1046,0,nonexistent,-1.8,95.58,-46.29,1.42,4905.33,yes,0,0.3235903,1
12645,41,services,married,high.school,no,no,no,telephone,may,fri,4604,1,367,1,failure,1.1,90.54,-36.72,4.37,5222.97,yes,0,0.022659171,1
7592,57,services,married,high.school,no,yes,no,cellular,jul,thu,438,2,997,1,failure,-1.7,95.15,-41.18,0.84,5151.33,no,1,0.6815899,0
13337,43,admin.,single,university.degree,unknown,yes,no,telephone,may,thu,853,2,1010,0,nonexistent,1.1,94.46,-35.45,4.97,5035.26,yes,0,0.29048908,1
7164,27,blue-collar,single,unknown,no,no,no,cellular,jul,thu,3860,1,328,6,nonexistent,1.4,92.98,-38.35,4.79,5236.92,yes,0,0.11824571,1
1633,56,admin.,divorced,university.degree,no,no,no,telephone,may,wed,4518,3,358,5,failure,1.1,97.18,-45.24,2.25,5107.38,yes,0,0.019923126,1
5763,32,unknown,unknown,basic.6y,unknown,no,no,cellular,mar,thu,158,34,970,0,nonexistent,1.1,92.49,-37.92,5.05,5222.14,no,1,0.55645114,0
5216,30,services,married,high.school,no,no,no,telephone,may,fri,1210,1,1034,0,nonexistent,1.1,98.12,-37.6,4.89,5128.7,yes,0,0.37220624,1
3715,29,blue-collar,single,university.degree,no,no,no,cellular,apr,tue,1966,3,453,6,failure,-1.8,97.39,-45.67,4.09,4935.25,yes,0,0.35542458,1
4814,23,student,single,high.school,no,no,no,cellular,may,wed,1521,1,722,6,success,-1.8,96.12,-45.92,3.93,4975.61,yes,0,0.1600221,1
22101,52,management,married,university.degree,unknown,no,yes,cellular,apr,mon,1727,2,1018,0,nonexistent,-1.8,96.23,-47.94,1.35,4890.03,yes,0,0.19429697,1
13923,49,blue-collar,married,high.school,yes,yes,no,telephone,aug,wed,99,34,958,0,nonexistent,-0.1,91.98,-40.4,3.95,5429.61,yes,0,0.20431045,1
15474,53,technician,married,professional.course,no,no,no,cellular,aug,wed,4347,7,703,1,success,1.4,97.18,-30.95,2.86,4866.66,yes,0,0.09343606,1
12970,67,retired,single,university.degree,no,no,no,cellular,nov,thu,3681,0,182,4,nonexistent,-3.4,91.77,-33.3,0.95,5190.68,yes,0,0.26985124,1
15836,30,technician,single,university.degree,no,yes,no,cellular,aug,tue,3095,9,206,4,nonexistent,1.4,96.78,-50.22,4.59,5043.49,yes,0,0.038900696,1
7323,36,self-employed,married,basic.9y,no,yes,yes,cellular,may,tue,720,1,1020,0,nonexistent,-1.8,88.71,-47.21,1.31,5231.67,yes,0,0.42257163,1
11824,58,self-employed,married,university.degree,no,yes,no,cellular,jul,wed,430,3,1006,0,nonexistent,1.4,90.25,-44.7,5.0,5034.66,yes,0,0.06888887,1
7168,36,technician,divorced,high.school,no,yes,no,cellular,aug,mon,391,2,1015,0,nonexistent,1.4,91.66,-35.37,5.2,4982.37,yes,0,0.026653701,1
2880,71,self-employed,divorced,illiterate,unknown,no,unknown,cellular,mar,wed,126,35,956,0,nonexistent,1.4,92.88,-43.51,5.14,5018.97,no,1,0.63732195,0
8918,23,student,single,high.school,no,no,no,cellular,jul,tue,355,0,989,1,failure,-2.9,90.34,-32.89,1.07,5238.63,yes,0,0.42573667,1
1107,41,technician,married,professional.course,no,yes,no,cellular,sep,mon,398,1,980,0,nonexistent,-3.4,96.44,-29.17,0.73,4937.22,no,1,0.5908397,0
20258,33,self-employed,single,university.degree,no,yes,no,cellular,dec,mon,3564,3,339,1,failure,-3.0,91.38,-34.41,0.72,4858.75,yes,0,0.30245778,1
14960,43,blue-collar,single,basic.9y,no,yes,no,telephone,jul,tue,1137,11,1011,0,nonexistent,1.4,95.6,-43.38,4.86,5421.53,yes,0,0.37294865,1
13116,34,technician,married,professional.course,no,no,no,telephone,jun,wed,4204,2,947,1,failure,1.4,96.37,-30.53,2.65,4804.46,yes,0,0.038572453,1
21683,23,management,single,university.degree,no,no,no,cellular,jul,thu,795,1,1034,0,nonexistent,1.4,90.91,-42.99,4.93,5071.25,yes,0,0.4425435,1
1732,42,technician,single,university.degree,no,yes,no,cellular,jul,mon,555,0,1048,0,nonexistent,1.4,94.29,-42.48,5.18,5306.52,yes,0,0.13216516,1
5097,86,admin.,single,high.school,yes,yes,yes,cellular,may,tue,391,47,953,1,failure,-1.8,90.57,-45.32,1.32,5323.46,yes,0,0.33674708,1
10251,25,admin.,single,university.degree,no,yes,no,telephone,oct,mon,246,0,998,0,nonexistent,-0.1,91.45,-38.9,4.86,4951.59,yes,0,0.45442188,1
21172,31,admin.,married,professional.course,no,yes,unknown,telephone,may,wed,270,46,992,0,nonexistent,1.1,95.68,-36.4,4.75,5123.51,yes,0,0.108414486,1
5406,23,student,single,basic.9y,no,yes,no,cellular,dec,tue,154,1,1006,0,nonexistent,-3.0,91.6,-33.16,0.73,5264.62,no,1,0.5533844,0
10756,54,student,unknown,basic.9y,no,unknown,yes,telephone,sep,mon,116,18,1002,0,nonexistent,-1.8,92.8,-48.04,1.26,5124.59,no,1,0.6044101,0
19714,66,retired,married,professional.course,no,no,no,cellular,mar,tue,180,1,1046,1,failure,-1.8,95.04,-33.23,0.66,4998.68,yes,0,0.47386664,1
9439,38,self-employed,single,university.degree,no,yes,no,cellular,apr,thu,2327,1,321,0,success,-1.8,93.39,-50.8,2.05,5165.18,yes,0,0.2836729,1
8923,43,admin.,single,university.degree,no,no,no,cellular,jul,wed,277,2,1021,0,nonexistent,-2.9,88.3,-34.47,1.05,5050.81,yes,0,0.47531697,1
7651,54,admin.,married,high.school,no,no,no,telephone,jul,wed,4268,1,76,4,success,-1.7,92.31,-34.23,2.76,4993.98,yes,0,0.14393239,1
5720,43,admin.,single,university.degree,no,no,no,cellular,aug,mon,964,3,1028,0,nonexistent,-1.7,96.75,-38.52,0.88,4781.95,no,1,0.72215843,0
9118,30,admin.,single,university.degree,no,no,no,cellular,may,fri,800,5,950,0,nonexistent,-1.8,95.49,-45.32,1.25,5226.57,no,1,0.61118513,0
19433,29,technician,single,professional.course,no,no,no,cellular,nov,fri,533,0,997,1,failure,-0.1,91.52,-40.86,3.94,5325.69,yes,0,0.2840391,1
22311,51,housemaid,married,high.school,no,no,yes,cellular,jun,thu,2881,1,819,0,nonexistent,-2.9,97.24,-46.85,4.04,5251.02,yes,0,0.4458486,1
21273,44,student,divorced,basic.6y,no,no,no,telephone,aug,mon,96,7,959,2,failure,-1.8,89.64,-45.96,1.3,5114.39,yes,0,0.06977233,1
7535,40,admin.,married,university.degree,no,yes,no,cellular,jul,tue,4668,0,768,6,nonexistent,-2.9,89.68,-49.62,3.32,5021.11,yes,0,0.19973317,1
22413,34,admin.,married,university.degree,no,yes,no,cellular,sep,wed,695,1,1027,0,nonexistent,-1.1,97.11,-37.23,0.87,5097.61,no,1,0.8131419,0
19337,34,self-employed,married,basic.9y,unknown,yes,yes,cellular,aug,thu,1626,2,374,3,success,1.4,92.92,-34.65,3.82,5039.52,yes,0,0.06411902,1
15861,29,entrepreneur,unknown,professional.course,no,yes,unknown,cellular,apr,wed,1859,12,734,5,success,1.4,94.22,-35.25,1.08,5166.82,yes,0,0.39698792,1
12802,31,management,single,university.degree,no,yes,no,cellular,apr,fri,699,0,319,5,failure,-1.8,92.75,-39.1,4.6,5026.92,yes,0,0.15375845,1
4581,39,admin.,single,high.school,no,yes,no,cellular,apr,thu,4038,1,118,0,nonexistent,-1.8,89.74,-46.78,0.95,5170.82,yes,0,0.20189808,1
17401,92,unknown,unknown,university.degree,yes,no,unknown,telephone,jul,mon,304,15,870,4,failure,1.1,92.32,-37.9,4.23,4910.37,no,1,0.6852094,0
14417,45,services,married,basic.4y,unknown,yes,no,cellular,aug,tue,959,2,1031,0,nonexistent,1.4,94.19,-34.94,4.71,5118.3,yes,0,0.23704267,1
18639,27,entrepreneur,married,basic.9y,no,no,no,telephone,may,mon,287,2,210,1,nonexistent,1.1,90.02,-38.17,3.55,5094.36,yes,0,0.008322316,1
16885,29,services,married,basic.6y,no,no,no,telephone,may,thu,1610,1,3,4,nonexistent,1.1,92.56,-33.0,4.94,5183.83,yes,0,0.06958119,1
16311,20,housemaid,married,professional.course,unknown,yes,yes,telephone,may,mon,356,0,1044,0,nonexistent,-1.8,90.75,-45.5,1.36,5068.5,yes,0,0.07031354,1
13485,37,admin.,single,high.school,no,yes,no,cellular,oct,tue,2137,1,591,1,failure,-3.4,97.11,-38.98,3.43,5257.28,yes,0,0.4901033,1
17119,37,admin.,married,university.degree,unknown,no,no,cellular,aug,wed,762,0,1004,0,nonexistent,1.4,95.78,-36.6,5.08,5280.38,yes,0,0.42401373,1
10131,40,admin.,divorced,university.degree,no,yes,no,cellular,jul,mon,2769,0,477,0,success,-1.7,94.45,-33.9,2.89,4836.99,yes,0,0.4652303,1
2504,46,student,unknown,unknown,yes,no,unknown,telephone,nov,mon,1930,35,860,1,nonexistent,1.4,96.85,-25.95,1.46,4794.61,no,1,0.53871936,0
10364,87,management,married,basic.9y,no,no,no,cellular,jul,tue,309,18,978,0,nonexistent,1.4,96.07,-42.48,5.05,5233.32,yes,0,0.18169428,1
15504,46,technician,married,basic.9y,no,no,yes,cellular,may,fri,1068,1,1031,0,nonexistent,-1.8,96.6,-46.75,1.35,4981.82,yes,0,0.49369937,1
2174,27,blue-collar,single,high.school,no,no,no,telephone,jun,thu,993,1,979,0,nonexistent,1.4,92.95,-39.91,5.16,5275.15,no,1,0.6166535,0
7682,76,admin.,single,basic.4y,no,unknown,yes,telephone,sep,tue,259,51,965,0,nonexistent,-1.8,92.42,-47.8,1.48,4874.73,no,1,0.52136534,0
7217,29,admin.,married,university.degree,no,no,no,cellular,aug,tue,326,1,1048,1,failure,-1.7,91.77,-39.87,0.87,4986.6,yes,0,0.49366486,1
15974,45,admin.,single,university.degree,no,yes,no,cellular,nov,mon,450,2,977,0,nonexistent,-0.1,90.21,-42.46,4.27,5050.31,yes,0,0.076893054,1
2617,92,unknown,divorced,illiterate,yes,yes,unknown,telephone,aug,fri,236,53,959,0,nonexistent,-1.8,91.87,-44.81,1.3,5002.21,no,1,0.60506225,0
20547,70,retired,divorced,basic.4y,no,yes,no,cellular,apr,mon,441,0,1014,0,nonexistent,-1.8,93.81,-45.45,1.34,5068.5,yes,0,0.3805794,1
19189,32,admin.,single,university.degree,no,yes,no,telephone,nov,fri,2074,1,973,1,failure,-3.4,95.33,-29.73,0.72,5233.25,yes,0,0.22464086,1
16629,47,student,divorced,unknown,yes,unknown,yes,telephone,dec,thu,1191,3,968,0,nonexistent,1.4,93.7,-42.84,4.83,5327.43,no,1,0.745411,0
4,26,entrepreneur,single,high.school,yes,yes,yes,cellular,aug,fri,359,26,998,0,nonexistent,1.4,97.08,-35.55,5.11,5222.87,yes,0,0.24002053,1
2183,27,blue-collar,single,basic.9y,no,no,no,cellular,jul,thu,1780,2,198,4,failure,1.4,93.86,-27.9,3.01,4802.76,yes,0,0.06210315,1
13856,31,management,single,university.degree,no,no,no,cellular,nov,thu,4412,1,407,4,nonexistent,-0.1,91.43,-37.78,4.8,5236.32,yes,0,0.10277375,1
21796,80,retired,married,university.degree,no,yes,no,cellular,may,wed,148,1,5,4,success,-1.8,93.4,-41.04,0.69,5093.84,yes,0,0.42994928,1
11983,52,student,divorced,professional.course,no,no,unknown,telephone,aug,fri,169,36,1025,0,nonexistent,-1.8,91.58,-46.39,1.47,5175.58,no,1,0.63144857,0
20835,90,self-employed,divorced,basic.4y,yes,no,yes,cellular,aug,tue,52,52,950,0,nonexistent,-1.8,95.4,-46.39,1.36,5007.31,no,1,0.6309802,0
17017,29,student,single,unknown,no,no,no,cellular,dec,mon,1929,0,639,1,nonexistent,-3.0,99.27,-40.25,2.21,5269.98,no,1,0.54950124,0
19043,37,services,married,high.school,no,yes,no,telephone,may,fri,4588,6,519,4,failure,1.1,95.86,-35.66,3.86,5364.52,yes,0,0.017533839,1
397,30,blue-collar,single,basic.6y,no,yes,no,cellular,may,thu,2172,1,4,1,nonexistent,-1.8,94.29,-31.24,4.8,5297.96,yes,0,0.17597575,1
10415,57,admin.,married,university.degree,no,no,no,cellular,jul,fri,219,0,538,4,nonexistent,-1.7,93.5,-28.16,1.41,5120.53,yes,0,0.44573945,1
4895,32,admin.,married,university.degree,no,yes,no,cellular,mar,thu,764,3,702,1,success,-1.8,96.76,-32.5,2.45,5308.19,no,1,0.53452533,0
22118,23,student,single,high.school,no,yes,yes,cellular,aug,fri,2859,0,19,0,nonexistent,-2.9,93.98,-42.72,3.5,5379.09,no,1,0.5222195,0
5077,37,admin.,married,high.school,no,no,no,cellular,aug,wed,3659,1,726,0,failure,-2.9,91.33,-51.2,4.49,5127.43,yes,0,0.21164998,1
5812,30,unemployed,divorced,basic.6y,unknown,no,unknown,cellular,jul,mon,2540,8,612,2,failure,-3.4,97.03,-41.74,1.21,5259.54,yes,0,0.48668286,1
10432,35,blue-collar,single,high.school,no,no,yes,cellular,may,wed,1395,1,1013,1,failure,-1.8,88.24,-48.51,1.35,5134.79,yes,0,0.2639957,1
4153,34,admin.,married,university.degree,no,yes,no,cellular,nov,tue,516,0,1048,1,failure,-1.1,92.39,-49.58,1.01,5112.5,no,1,0.65993273,0
13629,22,technician,single,university.degree,no,yes,no,cellular,jun,fri,133,3,35,3,nonexistent,-2.9,95.79,-30.26,4.59,5223.79,yes,0,0.20556988,1
648,26,student,unknown,basic.4y,no,yes,no,telephone,sep,fri,1749,42,772,1,success,1.4,89.5,-37.97,2.39,4786.36,no,1,0.5706777,0
21265,28,admin.,married,high.school,no,yes,no,cellular,may,thu,58,1,707,3,nonexistent,-1.8,92.18,-40.9,3.54,5192.74,yes,0,0.050358642,1
2320,34,self-employed,married,university.degree,no,unknown,unknown,telephone,apr,tue,2224,51,735,2,failure,1.1,95.04,-37.9,1.14,5057.85,yes,0,0.23547243,1
21374,35,admin.,single,university.degree,unknown,no,no,cellular,jul,thu,825,0,1023,0,nonexistent,1.4,98.33,-44.7,5.04,5249.01,yes,0,0.45305595,1
9595,24,student,single,university.degree,no,no,yes,telephone,jun,thu,290,6,1017,1,failure,-2.9,95.28,-42.18,1.26,5187.87,yes,0,0.42779934,1
5654,38,student,married,basic.6y,no,no,no,telephone,mar,tue,825,0,953,0,nonexistent,1.4,90.49,-42.88,5.15,5008.51,no,1,0.70328087,0
2603,23,student,single,unknown,no,yes,no,cellular,sep,wed,3042,1,323,5,success,-1.1,93.75,-41.07,5.17,5210.5,yes,0,0.3718864,1
7318,40,technician,married,university.degree,no,no,yes,cellular,jun,tue,3997,2,251,0,success,-1.7,97.64,-26.97,1.4,5002.62,yes,0,0.43037346,1
12784,35,admin.,single,high.school,no,no,no,telephone,jun,wed,962,2,996,0,nonexistent,1.4,95.97,-40.75,4.85,5013.74,yes,0,0.38982347,1
6811,18,unemployed,single,professional.course,yes,yes,yes,telephone,oct,mon,3357,52,104,3,failure,1.4,91.52,-48.86,2.66,5361.61,no,1,0.60609037,0
16974,43,management,divorced,basic.4y,no,no,unknown,telephone,dec,fri,1058,28,364,6,nonexistent,-1.8,92.14,-41.71,4.86,4971.11,no,1,0.5638821,0
2606,34,admin.,single,high.school,no,yes,no,cellular,may,wed,637,0,10,1,success,-1.8,88.89,-45.73,1.35,5088.9,yes,0,0.4469043,1
10799,43,technician,married,professional.course,no,yes,no,cellular,may,mon,616,1,958,1,failure,-1.8,97.07,-44.58,1.27,5292.86,yes,0,0.42850888,1
11900,30,entrepreneur,married,university.degree,no,unknown,unknown,cellular,may,fri,2998,0,979,0,failure,-1.8,95.61,-28.98,3.55,4894.57,yes,0,0.14347918,1
15177,54,technician,married,basic.9y,no,no,no,cellular,nov,tue,704,2,241,5,nonexistent,-3.4,94.57,-36.68,0.91,4916.43,yes,0,0.3295012,1
22317,26,student,single,basic.9y,no,yes,yes,cellular,jun,tue,4256,0,48,4,failure,-2.9,95.53,-36.26,1.49,5135.82,yes,0,0.32492578,1
1220,17,entrepreneur,unknown,basic.6y,yes,unknown,unknown,telephone,may,wed,789,1,980,0,nonexistent,-1.1,90.05,-36.86,0.89,4923.89,yes,0,0.41756082,1
13417,27,admin.,single,university.degree,no,yes,no,cellular,apr,wed,492,1,4,2,success,-1.8,94.75,-47.57,1.52,4997.11,no,1,0.7199402,0
6078,59,management,married,university.degree,no,yes,no,cellular,dec,thu,664,3,5,1,success,-3.0,90.02,-33.39,0.69,4797.44,no,1,0.9234592,0
5549,56,admin.,married,university.degree,unknown,yes,no,cellular,jun,fri,1601,1,958,0,nonexistent,-2.9,92.68,-41.86,1.2,5203.1,yes,0,0.4605185,1
19908,17,technician,married,illiterate,unknown,unknown,no,cellular,oct,mon,162,31,3,5,success,-1.1,94.38,-38.25,0.92,4809.72,no,1,0.61675376,0
13056,59,retired,married,professional.course,unknown,no,no,telephone,may,wed,491,1,702,0,success,1.1,94.33,-40.09,3.55,4780.85,yes,0,0.06123412,1
4852,57,technician,married,high.school,no,yes,no,telephone,may,tue,746,1,985,0,nonexistent,1.1,98.22,-36.29,5.09,4936.64,yes,0,0.1754281,1
19314,53,entrepreneur,single,professional.course,yes,yes,no,telephone,dec,thu,88,11,966,0,nonexistent,1.1,97.37,-36.07,4.73,5206.57,yes,0,0.34466764,1
7722,34,blue-collar,married,high.school,no,no,no,cellular,nov,mon,4276,1,46,2,nonexistent,-0.1,97.82,-41.34,4.68,5420.47,yes,0,0.06924241,1
5576,77,management,unknown,basic.6y,yes,no,yes,telephone,aug,thu,3786,5,799,3,nonexistent,-0.1,99.01,-50.74,2.22,5023.98,no,1,0.5435964,0
12344,68,retired,divorced,basic.4y,yes,unknown,yes,cellular,aug,wed,382,49,1029,0,nonexistent,-2.9,96.53,-32.35,1.06,4918.83,no,1,0.56088424,0
20980,54,technician,married,professional.course,no,yes,yes,cellular,sep,fri,760,0,1035,1,failure,-3.4,96.81,-30.27,0.76,4967.32,yes,0,0.4638033,1
13348,74,student,divorced,illiterate,no,no,no,cellular,may,thu,132,15,977,0,nonexistent,1.4,96.15,-35.34,4.75,5458.13,yes,0,0.3806944,1
16984,86,admin.,single,basic.4y,yes,no,unknown,cellular,jul,fri,146,16,952,0,nonexistent,1.4,93.54,-44.79,5.15,5264.69,no,1,0.7594272,0
6243,21,student,single,basic.9y,no,no,no,cellular,oct,fri,3180,1,1017,5,success,-3.4,96.43,-35.43,1.68,5274.28,yes,0,0.38317415,1
4385,45,technician,married,unknown,no,no,no,cellular,apr,thu,559,0,1029,0,nonexistent,-1.8,96.05,-47.66,1.3,4920.63,no,1,0.62536055,0
16625,29,admin.,married,university.degree,no,yes,no,cellular,jun,thu,4702,1,842,1,success,-2.9,94.01,-30.99,4.03,5312.17,yes,0,0.34339365,1
3355,42,admin.,married,university.degree,no,no,no,cellular,jun,thu,157,1,982,0,nonexistent,-2.9,94.72,-40.59,1.24,5025.43,yes,0,0.15845682,1
22063,28,blue-collar,married,basic.9y,no,yes,no,telephone,apr,thu,631,2,683,5,nonexistent,-1.8,95.06,-41.04,4.52,4752.74,yes,0,0.08017941,1
4606,38,admin.,married,university.degree,no,yes,no,cellular,nov,mon,218,2,1043,0,nonexistent,-3.4,88.1,-31.24,0.7,5032.55,no,1,0.5821491,0
892,50,retired,unknown,illiterate,yes,unknown,no,telephone,mar,mon,3540,21,856,6,success,1.1,93.18,-44.63,1.52,4887.37,yes,0,0.37021104,1
11769,40,blue-collar,married,basic.9y,no,no,no,cellular,jul,tue,1943,0,62,6,failure,1.4,96.42,-36.29,1.69,5321.88,yes,0,0.07269379,1
10960,27,admin.,single,university.degree,no,no,no,cellular,oct,tue,1911,1,760,6,nonexistent,-1.1,96.97,-35.78,3.77,4994.17,no,1,0.5636565,0
16665,37,blue-collar,unknown,basic.6y,unknown,no,unknown,telephone,aug,tue,151,46,950,0,nonexistent,1.4,93.44,-41.76,4.77,5128.76,no,1,0.6656258,0
6627,65,student,divorced,university.degree,no,yes,yes,telephone,sep,wed,5007,16,610,6,nonexistent,-3.4,91.0,-34.81,2.71,5197.35,yes,0,0.38737455,1
5457,28,admin.,single,basic.9y,unknown,yes,no,cellular,may,thu,2439,4,757,4,failure,-1.8,90.08,-30.93,2.33,5282.3,yes,0,0.07348961,1
17230,37,management,divorced,university.degree,no,yes,no,cellular,jul,tue,2561,1,370,6,success,1.4,90.65,-32.61,1.31,5266.86,yes,0,0.059986487,1
10043,71,retired,married,basic.9y,no,no,no,cellular,aug,fri,2508,0,571,0,nonexistent,-2.9,96.4,-41.5,2.33,5093.34,no,1,0.5384031,0
8716,48,entrepreneur,divorced,high.school,no,no,no,cellular,aug,wed,314,0,988,0,nonexistent,-2.9,90.17,-32.87,0.87,4847.77,yes,0,0.4508271,1
14295,33,technician,married,professional.course,no,unknown,unknown,cellular,sep,fri,131,0,5,4,success,-1.1,95.98,-36.37,0.92,5147.25,no,1,0.6233658,0
5479,77,housemaid,married,basic.9y,unknown,unknown,no,cellular,sep,fri,3395,8,1005,0,nonexistent,1.4,91.01,-36.13,5.12,5013.74,yes,0,0.41888586,1
19581,50,management,married,university.degree,no,no,no,cellular,may,fri,2002,1,246,5,failure,-1.8,94.42,-41.14,2.74,5154.22,yes,0,0.09910929,1
2778,21,housemaid,divorced,illiterate,unknown,yes,no,telephone,mar,tue,376,41,1001,0,nonexistent,1.1,91.83,-34.83,4.98,5450.55,no,1,0.7833253,0
554,29,blue-collar,single,high.school,no,yes,no,cellular,jul,tue,2607,1,482,4,success,1.4,97.08,-49.61,4.41,5372.38,yes,0,0.056087278,1
18083,35,admin.,divorced,university.degree,no,no,yes,cellular,nov,fri,137,0,989,0,nonexistent,-0.1,91.52,-42.12,4.23,5315.3,yes,0,0.012502987,1
